Taxon,Domain,Major_Clade,Minor_Clade,Shallow_Clade
Amplectina_cordis,Eukaryota,SAR,Alveolata,Apicomplexa
Ancora_sagittata,Eukaryota,SAR,Alveolata,Apicomplexa
Anthozoaphila_gnarlus,Eukaryota,SAR,Alveolata,Apicomplexa
Babesia_bigemina,Eukaryota,SAR,Alveolata,Apicomplexa
Babesia_bovis,Eukaryota,SAR,Alveolata,Apicomplexa
Babesia_caballi,Eukaryota,SAR,Alveolata,Apicomplexa
Babesia_divergens,Eukaryota,SAR,Alveolata,Apicomplexa
Babesia_duncani,Eukaryota,SAR,Alveolata,Apicomplexa
Babesia_gibsoni,Eukaryota,SAR,Alveolata,Apicomplexa
Babesia_goethfordi,Eukaryota,SAR,Alveolata,Apicomplexa
Babesia_microti,Eukaryota,SAR,Alveolata,Apicomplexa
Babesia_ovata,Eukaryota,SAR,Alveolata,Apicomplexa
Babesia_ovis,Eukaryota,SAR,Alveolata,Apicomplexa
Babesia_sp,Eukaryota,SAR,Alveolata,Apicomplexa
Belladina_schistomeringa,Eukaryota,SAR,Alveolata,Apicomplexa
Besnoitia_besnoiti,Eukaryota,SAR,Alveolata,Apicomplexa
Blabericola_migrator,Eukaryota,SAR,Alveolata,Apicomplexa
Cardiosporidium_cionae,Eukaryota,SAR,Alveolata,Apicomplexa
Cephaloidophora_alienae,Eukaryota,SAR,Alveolata,Apicomplexa
Cephaloidophora_caprellina,Eukaryota,SAR,Alveolata,Apicomplexa
Cephaloidophora_cf_communis,Eukaryota,SAR,Alveolata,Apicomplexa
Cephaloidophora_cola,Eukaryota,SAR,Alveolata,Apicomplexa
Cephaloidophora_hippola,Eukaryota,SAR,Alveolata,Apicomplexa
Cephaloidophora_quadrae,Eukaryota,SAR,Alveolata,Apicomplexa
Cephaloidophora_sp,Eukaryota,SAR,Alveolata,Apicomplexa
Cephaloidophora_squarepantsi,Eukaryota,SAR,Alveolata,Apicomplexa
Cryptosporidium_andersoni,Eukaryota,SAR,Alveolata,Apicomplexa
Cryptosporidium_baileyi,Eukaryota,SAR,Alveolata,Apicomplexa
Cryptosporidium_bovis,Eukaryota,SAR,Alveolata,Apicomplexa
Cryptosporidium_canis,Eukaryota,SAR,Alveolata,Apicomplexa
Cryptosporidium_felis,Eukaryota,SAR,Alveolata,Apicomplexa
Cryptosporidium_hominis,Eukaryota,SAR,Alveolata,Apicomplexa
Cryptosporidium_meleagridis,Eukaryota,SAR,Alveolata,Apicomplexa
Cryptosporidium_muris,Eukaryota,SAR,Alveolata,Apicomplexa
Cryptosporidium_parvum,Eukaryota,SAR,Alveolata,Apicomplexa
Cryptosporidium_proliferans,Eukaryota,SAR,Alveolata,Apicomplexa
Cryptosporidium_ryanae,Eukaryota,SAR,Alveolata,Apicomplexa
Cryptosporidium_serpentis,Eukaryota,SAR,Alveolata,Apicomplexa
Cryptosporidium_tyzzeri,Eukaryota,SAR,Alveolata,Apicomplexa
Cryptosporidium_ubiquitum,Eukaryota,SAR,Alveolata,Apicomplexa
Cryptosporidium_xiaoi,Eukaryota,SAR,Alveolata,Apicomplexa
Cyclospora_cayetanensis,Eukaryota,SAR,Alveolata,Apicomplexa
Cystoisospora_suis,Eukaryota,SAR,Alveolata,Apicomplexa
Devanium_cincinnus,Eukaryota,SAR,Alveolata,Apicomplexa
Devanium_robustum,Eukaryota,SAR,Alveolata,Apicomplexa
Difficilina_tubulani,Eukaryota,SAR,Alveolata,Apicomplexa
Digyalum_oweni,Eukaryota,SAR,Alveolata,Apicomplexa
Eimeria_acervulina,Eukaryota,SAR,Alveolata,Apicomplexa
Eimeria_brunetti,Eukaryota,SAR,Alveolata,Apicomplexa
Eimeria_falciformis,Eukaryota,SAR,Alveolata,Apicomplexa
Eimeria_flavescens,Eukaryota,SAR,Alveolata,Apicomplexa
Eimeria_intestinalis,Eukaryota,SAR,Alveolata,Apicomplexa
Eimeria_magna,Eukaryota,SAR,Alveolata,Apicomplexa
Eimeria_maxima,Eukaryota,SAR,Alveolata,Apicomplexa
Eimeria_media,Eukaryota,SAR,Alveolata,Apicomplexa
Eimeria_mitis,Eukaryota,SAR,Alveolata,Apicomplexa
Eimeria_necatrix,Eukaryota,SAR,Alveolata,Apicomplexa
Eimeria_praecox,Eukaryota,SAR,Alveolata,Apicomplexa
Eimeria_stiedae,Eukaryota,SAR,Alveolata,Apicomplexa
Eimeria_tenella,Eukaryota,SAR,Alveolata,Apicomplexa
Eleutheroschizon_duboscqi,Eukaryota,SAR,Alveolata,Apicomplexa
Eugregarinorida_sp_1,Eukaryota,SAR,Alveolata,Apicomplexa
Eugregarinorida_sp_2,Eukaryota,SAR,Alveolata,Apicomplexa
Filipodium_phascolosomae,Eukaryota,SAR,Alveolata,Apicomplexa
Ganymedes_balani,Eukaryota,SAR,Alveolata,Apicomplexa
Ganymedes_themistos,Eukaryota,SAR,Alveolata,Apicomplexa
Gregarina_niphandrodes,Eukaryota,SAR,Alveolata,Apicomplexa
Gregarina_sp,Eukaryota,SAR,Alveolata,Apicomplexa
Gregarina_sp_Poly39,Eukaryota,SAR,Alveolata,Apicomplexa
Haemoproteus_columbae,Eukaryota,SAR,Alveolata,Apicomplexa
Hammondia_hammondi,Eukaryota,SAR,Alveolata,Apicomplexa
Heliospora_caprellae,Eukaryota,SAR,Alveolata,Apicomplexa
Hepatocystis_sp,Eukaryota,SAR,Alveolata,Apicomplexa
Kinetosphaera_horologium,Eukaryota,SAR,Alveolata,Apicomplexa
Klossia_helicina,Eukaryota,SAR,Alveolata,Apicomplexa
Lankesteria_abbotti,Eukaryota,SAR,Alveolata,Apicomplexa
Lankesteria_halocynthiae,Eukaryota,SAR,Alveolata,Apicomplexa
Lankesteria_metandrocarpae,Eukaryota,SAR,Alveolata,Apicomplexa
Lecudina_cf_platynereidis,Eukaryota,SAR,Alveolata,Apicomplexa
Lecudina_lumbrinella,Eukaryota,SAR,Alveolata,Apicomplexa
Lecudina_oxydromus,Eukaryota,SAR,Alveolata,Apicomplexa
Lecudina_sylla,Eukaryota,SAR,Alveolata,Apicomplexa
Lecudina_tuzetae,Eukaryota,SAR,Alveolata,Apicomplexa
Legerella_nova,Eukaryota,SAR,Alveolata,Apicomplexa
Lentusidium_euphilomedae,Eukaryota,SAR,Alveolata,Apicomplexa
Loxomoprha_cf_harmothoe,Eukaryota,SAR,Alveolata,Apicomplexa
Lunidium_laculatum,Eukaryota,SAR,Alveolata,Apicomplexa
Lunidium_melongena,Eukaryota,SAR,Alveolata,Apicomplexa
Margolisiella_islandica,Eukaryota,SAR,Alveolata,Apicomplexa
Merocystis_kathae,Eukaryota,SAR,Alveolata,Apicomplexa
Metzidium_perlucensae,Eukaryota,SAR,Alveolata,Apicomplexa
Monocystis_agilis,Eukaryota,SAR,Alveolata,Apicomplexa
Neospora_caninum,Eukaryota,SAR,Alveolata,Apicomplexa
Nephromyces_sp,Eukaryota,SAR,Alveolata,Apicomplexa
Ophryocystis_elektroscirrha,Eukaryota,SAR,Alveolata,Apicomplexa
Paralecudina_anankea,Eukaryota,SAR,Alveolata,Apicomplexa
Paralecudina_grappleria,Eukaryota,SAR,Alveolata,Apicomplexa
Paralecudina_heriota,Eukaryota,SAR,Alveolata,Apicomplexa
Plasmodium_adleri,Eukaryota,SAR,Alveolata,Apicomplexa
Plasmodium_berghei,Eukaryota,SAR,Alveolata,Apicomplexa
Plasmodium_billcollinsi,Eukaryota,SAR,Alveolata,Apicomplexa
Plasmodium_blacklocki,Eukaryota,SAR,Alveolata,Apicomplexa
Plasmodium_brasilianum,Eukaryota,SAR,Alveolata,Apicomplexa
Plasmodium_chabaudi,Eukaryota,SAR,Alveolata,Apicomplexa
Plasmodium_coatneyi,Eukaryota,SAR,Alveolata,Apicomplexa
Plasmodium_cynomolgi,Eukaryota,SAR,Alveolata,Apicomplexa
Plasmodium_delichoni,Eukaryota,SAR,Alveolata,Apicomplexa
Plasmodium_falciparum,Eukaryota,SAR,Alveolata,Apicomplexa
Plasmodium_fragile,Eukaryota,SAR,Alveolata,Apicomplexa
Plasmodium_gaboni,Eukaryota,SAR,Alveolata,Apicomplexa
Plasmodium_gallinaceum,Eukaryota,SAR,Alveolata,Apicomplexa
Plasmodium_gonderi,Eukaryota,SAR,Alveolata,Apicomplexa
Plasmodium_homocircumflexum,Eukaryota,SAR,Alveolata,Apicomplexa
Plasmodium_inui,Eukaryota,SAR,Alveolata,Apicomplexa
Plasmodium_knowlesi,Eukaryota,SAR,Alveolata,Apicomplexa
Plasmodium_malariae,Eukaryota,SAR,Alveolata,Apicomplexa
Plasmodium_praefalciparum,Eukaryota,SAR,Alveolata,Apicomplexa
Plasmodium_reichenowi,Eukaryota,SAR,Alveolata,Apicomplexa
Plasmodium_relictum,Eukaryota,SAR,Alveolata,Apicomplexa
Plasmodium_vinckei,Eukaryota,SAR,Alveolata,Apicomplexa
Plasmodium_vivax,Eukaryota,SAR,Alveolata,Apicomplexa
Plasmodium_yoelii,Eukaryota,SAR,Alveolata,Apicomplexa
Platyproteum_sp_A,Eukaryota,SAR,Alveolata,Apicomplexa
Platyproteum_sp_B,Eukaryota,SAR,Alveolata,Apicomplexa
Platyproteum_vivax,Eukaryota,SAR,Alveolata,Apicomplexa
Polyplicarium_lacrimae,Eukaryota,SAR,Alveolata,Apicomplexa
Polyplicarium_translucidae,Eukaryota,SAR,Alveolata,Apicomplexa
Polyrhabdina_disparis,Eukaryota,SAR,Alveolata,Apicomplexa
Polyrhabdina_hyacinthensis,Eukaryota,SAR,Alveolata,Apicomplexa
Polyrhabdina_simplex,Eukaryota,SAR,Alveolata,Apicomplexa
Polyrhabdina_sp,Eukaryota,SAR,Alveolata,Apicomplexa
Porospora_cf_gigantea,Eukaryota,SAR,Alveolata,Apicomplexa
Protomagalhaensia_sp,Eukaryota,SAR,Alveolata,Apicomplexa
Protomagalhaensia_wolfi,Eukaryota,SAR,Alveolata,Apicomplexa
Pterospora_schizosoma,Eukaryota,SAR,Alveolata,Apicomplexa
Rhytidocystis_sp,Eukaryota,SAR,Alveolata,Apicomplexa
Sarcocystis_calchasi,Eukaryota,SAR,Alveolata,Apicomplexa
Sarcocystis_cruzi,Eukaryota,SAR,Alveolata,Apicomplexa
Sarcocystis_neurona,Eukaryota,SAR,Alveolata,Apicomplexa
Selenidium_capillus,Eukaryota,SAR,Alveolata,Apicomplexa
Selenidium_natalis,Eukaryota,SAR,Alveolata,Apicomplexa
Selenidium_orientale,Eukaryota,SAR,Alveolata,Apicomplexa
Selenidium_pherusae,Eukaryota,SAR,Alveolata,Apicomplexa
Selenidium_pisinnus,Eukaryota,SAR,Alveolata,Apicomplexa
Selenidium_pygospionis,Eukaryota,SAR,Alveolata,Apicomplexa
Selenidium_serpulae,Eukaryota,SAR,Alveolata,Apicomplexa
Selenidium_terebellae,Eukaryota,SAR,Alveolata,Apicomplexa
Selenidium_validusae,Eukaryota,SAR,Alveolata,Apicomplexa
Siedleckia_leitoscoloplosis,Eukaryota,SAR,Alveolata,Apicomplexa
Siedleckia_nematoides,Eukaryota,SAR,Alveolata,Apicomplexa
Theileria_annulata,Eukaryota,SAR,Alveolata,Apicomplexa
Theileria_equi,Eukaryota,SAR,Alveolata,Apicomplexa
Theileria_orientalis,Eukaryota,SAR,Alveolata,Apicomplexa
Theileria_parva,Eukaryota,SAR,Alveolata,Apicomplexa
Thiriotia_ampithae,Eukaryota,SAR,Alveolata,Apicomplexa
Thiriotia_cypherae,Eukaryota,SAR,Alveolata,Apicomplexa
Thiriotia_zilla,Eukaryota,SAR,Alveolata,Apicomplexa
Toxoplasma_gondii,Eukaryota,SAR,Alveolata,Apicomplexa
Trichotokara_eunicae,Eukaryota,SAR,Alveolata,Apicomplexa
Trollidium_quadrensis,Eukaryota,SAR,Alveolata,Apicomplexa
Urospora_pectinariae,Eukaryota,Archaeplastida,Chloroplastida,Ulvophyceae
Amphorellopsis_sp,Eukaryota,SAR,Alveolata,Ciliophora
Anaerocyclidium_porcatum,Eukaryota,SAR,Alveolata,Ciliophora
Anigsteinia_sp,Eukaryota,SAR,Alveolata,Ciliophora
Anophryoides_haemophila,Eukaryota,SAR,Alveolata,Ciliophora
Anteclevelandella_constricta,Eukaryota,SAR,Alveolata,Ciliophora
Antetintinnidium_mucicola,Eukaryota,SAR,Alveolata,Ciliophora
Apodileptus_visscheri,Eukaryota,SAR,Alveolata,Ciliophora
Aristerostoma_sp,Eukaryota,SAR,Alveolata,Ciliophora
Balantidium_cf_grimi,Eukaryota,SAR,Alveolata,Ciliophora
Balantidium_ctenopharyngodoni,Eukaryota,SAR,Alveolata,Ciliophora
Blepharisma_americanum,Eukaryota,SAR,Alveolata,Ciliophora
Blepharisma_japonicum,Eukaryota,SAR,Alveolata,Ciliophora
Blepharisma_sp,Eukaryota,SAR,Alveolata,Ciliophora
Blepharisma_undulans,Eukaryota,SAR,Alveolata,Ciliophora
Bourlandella_viridis,Eukaryota,SAR,Alveolata,Ciliophora
Brachonella_contorta,Eukaryota,SAR,Alveolata,Ciliophora
Brachonella_sp,Eukaryota,SAR,Alveolata,Ciliophora
Brachonella_spiralis,Eukaryota,SAR,Alveolata,Ciliophora
Bursaria_truncatella,Eukaryota,SAR,Alveolata,Ciliophora
Caenomorpha_medusula,Eukaryota,SAR,Alveolata,Ciliophora
Campanella_sinica,Eukaryota,SAR,Alveolata,Ciliophora
Campanella_umbellaria,Eukaryota,SAR,Alveolata,Ciliophora
Carchesium_polypinum,Eukaryota,SAR,Alveolata,Ciliophora
Chaenea_vorax,Eukaryota,SAR,Alveolata,Ciliophora
Chilodonella_hexasticha,Eukaryota,SAR,Alveolata,Ciliophora
Chilodonella_uncinata,Eukaryota,SAR,Alveolata,Ciliophora
Chilodontopsis_depressa,Eukaryota,SAR,Alveolata,Ciliophora
Climacostomum_virens,Eukaryota,SAR,Alveolata,Ciliophora
Coleps_sp,Eukaryota,SAR,Alveolata,Ciliophora
Colpoda_aspera,Eukaryota,SAR,Alveolata,Ciliophora
Colpoda_cucullus,Eukaryota,SAR,Alveolata,Ciliophora
Colpoda_elliotti,Eukaryota,SAR,Alveolata,Ciliophora
Colpoda_inflata,Eukaryota,SAR,Alveolata,Ciliophora
Colpoda_sp,Eukaryota,SAR,Alveolata,Ciliophora
Colpoda_steini,Eukaryota,SAR,Alveolata,Ciliophora
Condylostoma_magnum,Eukaryota,SAR,Alveolata,Ciliophora
Cristigera_sp,Eukaryota,SAR,Alveolata,Ciliophora
Cryptocaryon_irritans,Eukaryota,SAR,Alveolata,Ciliophora
Cryptopharynx_sp,Eukaryota,SAR,Alveolata,Ciliophora
Cyclidium_sp,Eukaryota,SAR,Alveolata,Ciliophora
Dasytricha_ruminantium,Eukaryota,SAR,Alveolata,Ciliophora
Didinium_nasutum,Eukaryota,SAR,Alveolata,Ciliophora
Diplodinium_dentatum,Eukaryota,SAR,Alveolata,Ciliophora
Dysteria_derouxi,Eukaryota,SAR,Alveolata,Ciliophora
Enoploplastron_triloricatum,Eukaryota,SAR,Alveolata,Ciliophora
Entodinium_bursa,Eukaryota,SAR,Alveolata,Ciliophora
Entodinium_caudatum,Eukaryota,SAR,Alveolata,Ciliophora
Entodinium_furca,Eukaryota,SAR,Alveolata,Ciliophora
Entodinium_longinucleatum,Eukaryota,SAR,Alveolata,Ciliophora
Epistylis_hentscheli,Eukaryota,SAR,Alveolata,Ciliophora
Epistylis_sp,Eukaryota,SAR,Alveolata,Ciliophora
Euplotes_aediculatus,Eukaryota,SAR,Alveolata,Ciliophora
Euplotes_euryhalinus,Eukaryota,SAR,Alveolata,Ciliophora
Euplotes_focardii,Eukaryota,SAR,Alveolata,Ciliophora
Euplotes_harpa,Eukaryota,SAR,Alveolata,Ciliophora
Euplotes_magnicirratus,Eukaryota,SAR,Alveolata,Ciliophora
Euplotes_octocarinatus,Eukaryota,SAR,Alveolata,Ciliophora
Euplotes_raikovi,Eukaryota,SAR,Alveolata,Ciliophora
Euplotes_rariseta,Eukaryota,SAR,Alveolata,Ciliophora
Euplotes_vannus,Eukaryota,SAR,Alveolata,Ciliophora
Euplotes_woodruffi,Eukaryota,SAR,Alveolata,Ciliophora
Eutintinnus_sp,Eukaryota,SAR,Alveolata,Ciliophora
Fabrea_salina,Eukaryota,SAR,Alveolata,Ciliophora
Favella_ehrenbergii,Eukaryota,SAR,Alveolata,Ciliophora
Favella_sp,Eukaryota,SAR,Alveolata,Ciliophora
Foissnerides_sp,Eukaryota,SAR,Alveolata,Ciliophora
Frontonia_sp,Eukaryota,SAR,Alveolata,Ciliophora
Frontonia_sp_B,Eukaryota,SAR,Alveolata,Ciliophora
Furgasonia_blochmanni,Eukaryota,SAR,Alveolata,Ciliophora
Geleia_acuta,Eukaryota,SAR,Alveolata,Ciliophora
Geleia_sinica,Eukaryota,SAR,Alveolata,Ciliophora
Geleia_sp,Eukaryota,SAR,Alveolata,Ciliophora
Halteria_grandinella,Eukaryota,SAR,Alveolata,Ciliophora
Haptorida_sp,Eukaryota,SAR,Alveolata,Ciliophora
Helicostomella_sp,Eukaryota,SAR,Alveolata,Ciliophora
Heterometopus_palaeformis,Eukaryota,SAR,Alveolata,Ciliophora
Ichthyophthirius_multifiliis,Eukaryota,SAR,Alveolata,Ciliophora
Isotricha_intestinalis,Eukaryota,SAR,Alveolata,Ciliophora
Isotricha_prostoma,Eukaryota,SAR,Alveolata,Ciliophora
Kentrophoros_sp,Eukaryota,SAR,Alveolata,Ciliophora
Lacrymaria_sp,Eukaryota,SAR,Alveolata,Ciliophora
Lembadion_sp,Eukaryota,SAR,Alveolata,Ciliophora
Licnophora_macfarlandi,Eukaryota,SAR,Alveolata,Ciliophora
Litonotus_pictus,Eukaryota,SAR,Alveolata,Ciliophora
Litonotus_sp,Eukaryota,SAR,Alveolata,Ciliophora
Loxodes_cf_rostrum,Eukaryota,SAR,Alveolata,Ciliophora
Loxodes_magnus,Eukaryota,SAR,Alveolata,Ciliophora
Loxodes_sp,Eukaryota,SAR,Alveolata,Ciliophora
Loxodes_striatus,Eukaryota,SAR,Alveolata,Ciliophora
Maristentor_dinoferus,Eukaryota,SAR,Alveolata,Ciliophora
Mesodinium_chamaeleon,Eukaryota,SAR,Alveolata,Ciliophora
Mesodinium_major,Eukaryota,SAR,Alveolata,Ciliophora
Mesodinium_pulex,Eukaryota,SAR,Alveolata,Ciliophora
Mesodinium_rubrum,Eukaryota,SAR,Alveolata,Ciliophora
Metopus_es,Eukaryota,SAR,Alveolata,Ciliophora
Metopus_laminarius,Eukaryota,SAR,Alveolata,Ciliophora
Metopus_major,Eukaryota,SAR,Alveolata,Ciliophora
Metopus_paraes,Eukaryota,SAR,Alveolata,Ciliophora
Metopus_sp_FRESH24,Eukaryota,SAR,Alveolata,Ciliophora
Metopus_sp_F25B_A1A10,Eukaryota,SAR,Alveolata,Ciliophora
Metopus_sp_FRESH26,Eukaryota,SAR,Alveolata,Ciliophora
Metopus_sp_1_YWang_2025,Eukaryota,SAR,Alveolata,Ciliophora
Metopus_sp_F25B,Eukaryota,SAR,Alveolata,Ciliophora
Metopus_sp_NARRIV,Eukaryota,SAR,Alveolata,Ciliophora
Metopus_sp_SALT15A,Eukaryota,SAR,Alveolata,Ciliophora
Metopus_sp_QDUM,Eukaryota,SAR,Alveolata,Ciliophora
Metopus_sp_Sr_ci_Me01,Eukaryota,SAR,Alveolata,Ciliophora
Mesanophrys_sp,Eukaryota,SAR,Alveolata,Ciliophora
Microdiaphanosoma_sp,Eukaryota,SAR,Alveolata,Ciliophora
Moneuplotes_crassus,Eukaryota,SAR,Alveolata,Ciliophora
Moneuplotes_minuta,Eukaryota,SAR,Alveolata,Ciliophora
Monodinium_sp,Eukaryota,SAR,Alveolata,Ciliophora
Muranothrix_gubernata,Eukaryota,SAR,Alveolata,Ciliophora
Myoschiston_sp,Eukaryota,SAR,Alveolata,Ciliophora
Myriokaryon_lieberkuehnii,Eukaryota,SAR,Alveolata,Ciliophora
Nassula_variabilis,Eukaryota,SAR,Alveolata,Ciliophora
Neourostylopsis_flava_paraflava,Eukaryota,SAR,Alveolata,Ciliophora
Nolandia_orientalis,Eukaryota,SAR,Alveolata,Ciliophora
Nyctotheroides_sp,Eukaryota,SAR,Alveolata,Ciliophora
Nyctotherus_ovalis,Eukaryota,SAR,Alveolata,Ciliophora
Opercularia_sp,Eukaryota,SAR,Alveolata,Ciliophora
Ophryoscolex_caudatus,Eukaryota,SAR,Alveolata,Ciliophora
Palmarella_salina,Eukaryota,SAR,Alveolata,Ciliophora
Paralembus_digitiformis,Eukaryota,SAR,Alveolata,Ciliophora
Paramecium_bursaria,Eukaryota,SAR,Alveolata,Ciliophora
Paramecium_calkinsi,Eukaryota,SAR,Alveolata,Ciliophora
Paramecium_duboscqui,Eukaryota,SAR,Alveolata,Ciliophora
Paramecium_jenningsi,Eukaryota,SAR,Alveolata,Ciliophora
Paramecium_nephridiatum,Eukaryota,SAR,Alveolata,Ciliophora
Paramecium_sonneborni,Eukaryota,SAR,Alveolata,Ciliophora
Paramecium_tetraurelia,Eukaryota,SAR,Alveolata,Ciliophora
Paraurostyla_weiseei,Eukaryota,SAR,Alveolata,Ciliophora
Phacodinium_metchnikoffi,Eukaryota,SAR,Alveolata,Ciliophora
Philaster_sp,Eukaryota,SAR,Alveolata,Ciliophora
Plagiopyla_cf_narasimhamurtii,Eukaryota,SAR,Alveolata,Ciliophora
Plagiopyla_frontata,Eukaryota,SAR,Alveolata,Ciliophora
Platyophrya_macrostoma,Eukaryota,SAR,Alveolata,Ciliophora
Pleurotricha_setifera,Eukaryota,SAR,Alveolata,Ciliophora
Polyplastron_multivesiculatum,Eukaryota,SAR,Alveolata,Ciliophora
Prodiscophrya_collini,Eukaryota,SAR,Alveolata,Ciliophora
Prorodon_ovum,Eukaryota,SAR,Alveolata,Ciliophora
Protocruzia_adherens,Eukaryota,SAR,Alveolata,Ciliophora
Protocruzia_marianaensis,Eukaryota,SAR,Alveolata,Ciliophora
Protocruzia_tuzeti,Eukaryota,SAR,Alveolata,Ciliophora
Pseudoamphisiella_alveolata,Eukaryota,SAR,Alveolata,Ciliophora
Pseudocohnilembus_persalinus,Eukaryota,SAR,Alveolata,Ciliophora
Pseudokeronopsis_erythrina,Eukaryota,SAR,Alveolata,Ciliophora
Pseudokeronopsis_flava,Eukaryota,SAR,Alveolata,Ciliophora
Pseudokeronopsis_rubra,Eukaryota,SAR,Alveolata,Ciliophora
Pseudomicrothorax_dubius,Eukaryota,SAR,Alveolata,Ciliophora
Pseudovorticella_sp,Eukaryota,SAR,Alveolata,Ciliophora
Remanella_sp,Eukaryota,SAR,Alveolata,Ciliophora
Rimaleptus_mucronatus,Eukaryota,SAR,Alveolata,Ciliophora
Saprodinium_sp,Eukaryota,SAR,Alveolata,Ciliophora
Schmidingerella_arcuata,Eukaryota,SAR,Alveolata,Ciliophora
Schmidingerella_meunieri,Eukaryota,SAR,Alveolata,Ciliophora
Schmidingerella_taraikaensis,Eukaryota,SAR,Alveolata,Ciliophora
Spathidium_sp,Eukaryota,SAR,Alveolata,Ciliophora
Spirostomum_ambiguum,Eukaryota,SAR,Alveolata,Ciliophora
Spirostomum_caudatum,Eukaryota,SAR,Alveolata,Ciliophora
Spirostomum_cf_minus,Eukaryota,SAR,Alveolata,Ciliophora
Spirostomum_minus,Eukaryota,SAR,Alveolata,Ciliophora
Spirostomum_semivirescens,Eukaryota,SAR,Alveolata,Ciliophora
Spirostomum_subtilis,Eukaryota,SAR,Alveolata,Ciliophora
Spirostomum_teres,Eukaryota,SAR,Alveolata,Ciliophora
Spirostomum_yagiui,Eukaryota,SAR,Alveolata,Ciliophora
Stenosemella_sp,Eukaryota,SAR,Alveolata,Ciliophora
Stenosemella_steini,Eukaryota,SAR,Alveolata,Ciliophora
Stentor_coeruleus,Eukaryota,SAR,Alveolata,Ciliophora
Stentor_polymorphus,Eukaryota,SAR,Alveolata,Ciliophora
Stentor_roeselii,Eukaryota,SAR,Alveolata,Ciliophora
Strombidinopsis_acuminata,Eukaryota,SAR,Alveolata,Ciliophora
Strombidinopsis_sp,Eukaryota,SAR,Alveolata,Ciliophora
Strombidium_cf_sulcatum,Eukaryota,SAR,Alveolata,Ciliophora
Strombidium_inclinatum,Eukaryota,SAR,Alveolata,Ciliophora
Strombidium_rassoulzadegani,Eukaryota,SAR,Alveolata,Ciliophora
Strombidium_sulcatum,Eukaryota,SAR,Alveolata,Ciliophora
Stylonychia_lemnae,Eukaryota,SAR,Alveolata,Ciliophora
Stylonychia_mytilus,Eukaryota,SAR,Alveolata,Ciliophora
Sulfonecta_cf_uniserialis,Eukaryota,SAR,Alveolata,Ciliophora
Tetmemena_sp,Eukaryota,SAR,Alveolata,Ciliophora
Tetrahymena_malaccensis,Eukaryota,SAR,Alveolata,Ciliophora
Tetrahymena_thermophila,Eukaryota,SAR,Alveolata,Ciliophora
Tetrahymena_utriculariae,Eukaryota,SAR,Alveolata,Ciliophora
Thigmothrix_strigosa,Eukaryota,SAR,Alveolata,Ciliophora
Thuricola_sp,Eukaryota,SAR,Alveolata,Ciliophora
Tiarina_fusa,Eukaryota,SAR,Alveolata,Ciliophora
Tintinnopsis_buetschlii,Eukaryota,SAR,Alveolata,Ciliophora
Tintinnopsis_cylindrica,Eukaryota,SAR,Alveolata,Ciliophora
Tintinnopsis_rapa,Eukaryota,SAR,Alveolata,Ciliophora
Tintinnopsis_sp,Eukaryota,SAR,Alveolata,Ciliophora
Tintinnopsis_tocantinensis,Eukaryota,SAR,Alveolata,Ciliophora
Trachelius_ovum,Eukaryota,SAR,Alveolata,Ciliophora
Trachelocerca_sp,Eukaryota,SAR,Alveolata,Ciliophora
Trachelocercidae_sp,Eukaryota,SAR,Alveolata,Ciliophora
Trichodina_sp,Eukaryota,SAR,Alveolata,Ciliophora
Trichodinella_sp,Eukaryota,SAR,Alveolata,Ciliophora
Trimyema_finlayi,Eukaryota,SAR,Alveolata,Ciliophora
Trimyema_sp,Eukaryota,SAR,Alveolata,Ciliophora
Urocentrum_sp,Eukaryota,SAR,Alveolata,Ciliophora
Uroleptopsis_citrina,Eukaryota,SAR,Alveolata,Ciliophora
Uronema_marinum,Eukaryota,Archaeplastida,Chloroplastida,Chlorophyceae
Urostomides_striatus,Eukaryota,SAR,Alveolata,Ciliophora
Vorticella_campanula,Eukaryota,SAR,Alveolata,Ciliophora
Vorticella_microstoma,Eukaryota,SAR,Alveolata,Ciliophora
Vorticella_sp,Eukaryota,SAR,Alveolata,Ciliophora
Wilbertomorpha_colpoda,Eukaryota,SAR,Alveolata,Ciliophora
Wilbertomorpha_sp,Eukaryota,SAR,Alveolata,Ciliophora
Zoothamnium_arbuscula,Eukaryota,SAR,Alveolata,Ciliophora
Zoothamnium_niveum,Eukaryota,SAR,Alveolata,Ciliophora
Zoothamnium_sp,Eukaryota,SAR,Alveolata,Ciliophora
Zosterodasys_sp,Eukaryota,SAR,Alveolata,Ciliophora
Alphamonas_edax,Eukaryota,SAR,Alveolata,Colpodellida
Chromera_velia,Eukaryota,SAR,Alveolata,Colpodellida
Colpodella_angusta,Eukaryota,SAR,Alveolata,Colpodellida
Colponema_vietnamica,Eukaryota,SAR,Alveolata,Colponemida
Colpodellida_sp,Eukaryota,SAR,Alveolata,Colpodellida
Colponemidia_sp_Colp_10,Eukaryota,SAR,Alveolata,Colponemida
Colponemidia_sp_Colp_15,Eukaryota,SAR,Alveolata,Colponemida
Piridium_sociabile,Eukaryota,SAR,Alveolata,Colpodellida
Vitrella_brassicaformis,Eukaryota,SAR,Alveolata,Colpodellida
Voromonas_pontica,Eukaryota,SAR,Alveolata,Colpodellida
Abediniales_sp,Eukaryota,SAR,Alveolata,Dinophyceae
Abedinium_dasypus,Eukaryota,SAR,Alveolata,Dinophyceae
Abedinium_folium,Eukaryota,SAR,Alveolata,Dinophyceae
Akashiwo_sanguinea,Eukaryota,SAR,Alveolata,Dinophyceae
Alexandrium_affine,Eukaryota,SAR,Alveolata,Dinophyceae
Alexandrium_andersonii,Eukaryota,SAR,Alveolata,Dinophyceae
Alexandrium_catenella,Eukaryota,SAR,Alveolata,Dinophyceae
Alexandrium_fundyense,Eukaryota,SAR,Alveolata,Dinophyceae
Alexandrium_lusitanicum,Eukaryota,SAR,Alveolata,Dinophyceae
Alexandrium_margalefii,Eukaryota,SAR,Alveolata,Dinophyceae
Alexandrium_minutum,Eukaryota,SAR,Alveolata,Dinophyceae
Alexandrium_monilatum,Eukaryota,SAR,Alveolata,Dinophyceae
Alexandrium_pacificum,Eukaryota,SAR,Alveolata,Dinophyceae
Alexandrium_tamarense,Eukaryota,SAR,Alveolata,Dinophyceae
Alexandrium_tamutum,Eukaryota,SAR,Alveolata,Dinophyceae
Amoebophrya_sp_A120,Eukaryota,SAR,Alveolata,Dinophyceae
Amoebophrya_sp_A25,Eukaryota,SAR,Alveolata,Dinophyceae
Amphidinium_carterae,Eukaryota,SAR,Alveolata,Dinophyceae
Amyloodinium_ocellatum,Eukaryota,SAR,Alveolata,Dinophyceae
Ankistrodinium_semilunatum,Eukaryota,SAR,Alveolata,Dinophyceae
Ansanella_granifera,Eukaryota,SAR,Alveolata,Dinophyceae
Apicoporus_sp,Eukaryota,SAR,Alveolata,Dinophyceae
Apocalathium_aciculiferum,Eukaryota,SAR,Alveolata,Dinophyceae
Apocalathium_sp_CCCM6010,Eukaryota,SAR,Alveolata,Dinophyceae
Asulcocephalium_sp_As_BRC,Eukaryota,SAR,Alveolata,Dinophyceae
Azadinium_spinosum,Eukaryota,SAR,Alveolata,Dinophyceae
Balechina_pachydermata,Eukaryota,SAR,Alveolata,Dinophyceae
Biecheleria_cincta,Eukaryota,SAR,Alveolata,Dinophyceae
Biecheleriopsis_adriatica,Eukaryota,SAR,Alveolata,Dinophyceae
Borghiella_pascheri,Eukaryota,SAR,Alveolata,Dinophyceae
Borghiella_sp_CCCM6014,Eukaryota,SAR,Alveolata,Dinophyceae
Breviolum_aenigmaticum,Eukaryota,SAR,Alveolata,Dinophyceae
Breviolum_minutum,Eukaryota,SAR,Alveolata,Dinophyceae
Breviolum_pseudominutum,Eukaryota,SAR,Alveolata,Dinophyceae
Breviolum_psygmophilum,Eukaryota,SAR,Alveolata,Dinophyceae
Chimonodinium_lomnickii,Eukaryota,SAR,Alveolata,Dinophyceae
Cladocopium_goreaui,Eukaryota,SAR,Alveolata,Dinophyceae
Cochlodinium_pulchellum,Eukaryota,SAR,Alveolata,Dinophyceae
Coolia_malayensis,Eukaryota,SAR,Alveolata,Dinophyceae
Coolia_palmyrensis,Eukaryota,SAR,Alveolata,Dinophyceae
Crypthecodinium_cohnii,Eukaryota,SAR,Alveolata,Dinophyceae
Cyklopsia_gemma,Eukaryota,SAR,Alveolata,Dinophyceae
Dinophysis_acuminata,Eukaryota,SAR,Alveolata,Dinophyceae
Dinophysis_acuta,Eukaryota,SAR,Alveolata,Dinophyceae
Dinophysis_caudata,Eukaryota,SAR,Alveolata,Dinophyceae
Dinophysis_fortii,Eukaryota,SAR,Alveolata,Dinophyceae
Dinophysis_infundibulum,Eukaryota,SAR,Alveolata,Dinophyceae
Dinophysis_ovum,Eukaryota,SAR,Alveolata,Dinophyceae
Dinophysis_sacculus,Eukaryota,SAR,Alveolata,Dinophyceae
Dinophysis_sp_1,Eukaryota,SAR,Alveolata,Dinophyceae
Dinophysis_sp_2,Eukaryota,SAR,Alveolata,Dinophyceae
Durinskia_baltica,Eukaryota,SAR,Alveolata,Dinophyceae
Durinskia_capensis,Eukaryota,SAR,Alveolata,Dinophyceae
Durinskia_kwazulunatalensis,Eukaryota,SAR,Alveolata,Dinophyceae
Durinskia_oculata,Eukaryota,SAR,Alveolata,Dinophyceae
Durinskia_sp_Ds_BGAG,Eukaryota,SAR,Alveolata,Dinophyceae
Durusdinium_trenchii,Eukaryota,SAR,Alveolata,Dinophyceae
Effrenium_voratum,Eukaryota,SAR,Alveolata,Dinophyceae
Eleftheros_karadeniz,Eukaryota,SAR,Alveolata,Dinophyceae
Eleftheros_xomoi,Eukaryota,SAR,Alveolata,Dinophyceae
Erythropsidinium_sp_ErQI1,Eukaryota,SAR,Alveolata,Dinophyceae
Erythropsidinium_sp_ErQI2,Eukaryota,SAR,Alveolata,Dinophyceae
Fabadinium_amicum,Eukaryota,SAR,Alveolata,Dinophyceae
Freudenthalidium_endolithicum,Eukaryota,SAR,Alveolata,Dinophyceae
Freudenthalidium_heronense,Eukaryota,SAR,Alveolata,Dinophyceae
Fugacium_kawagutii,Eukaryota,SAR,Alveolata,Dinophyceae
Gambierdiscus_australes,Eukaryota,SAR,Alveolata,Dinophyceae
Gambierdiscus_balechii,Eukaryota,SAR,Alveolata,Dinophyceae
Gambierdiscus_belizeanus,Eukaryota,SAR,Alveolata,Dinophyceae
Gambierdiscus_caribaeus,Eukaryota,SAR,Alveolata,Dinophyceae
Gambierdiscus_carolinianus,Eukaryota,SAR,Alveolata,Dinophyceae
Gambierdiscus_carpenteri,Eukaryota,SAR,Alveolata,Dinophyceae
Gambierdiscus_excentricus,Eukaryota,SAR,Alveolata,Dinophyceae
Gambierdiscus_pacificus,Eukaryota,SAR,Alveolata,Dinophyceae
Gambierdiscus_polynesiensis,Eukaryota,SAR,Alveolata,Dinophyceae
Gambierdiscus_silvae,Eukaryota,SAR,Alveolata,Dinophyceae
Gerakladium_sp_JEP_2021,Eukaryota,SAR,Alveolata,Dinophyceae
Gonyaulax_spinifera,Eukaryota,SAR,Alveolata,Dinophyceae
Gymnodinium_catenatum,Eukaryota,SAR,Alveolata,Dinophyceae
Gymnodinium_impudicum,Eukaryota,SAR,Alveolata,Dinophyceae
Gymnodinium_smaydae,Eukaryota,SAR,Alveolata,Dinophyceae
Gymnoxanthella_radiolariae,Eukaryota,SAR,Alveolata,Dinophyceae
Gyrodinium_dominans,Eukaryota,SAR,Alveolata,Dinophyceae
Gyrodinium_spirale,Eukaryota,SAR,Alveolata,Dinophyceae
Halluxium_pauxillum,Eukaryota,SAR,Alveolata,Dinophyceae
Haplozoon_axiothellae,Eukaryota,SAR,Alveolata,Dinophyceae
Haplozoon_pugnus,Eukaryota,SAR,Alveolata,Dinophyceae
Hemidinium_nasutum,Eukaryota,SAR,Alveolata,Dinophyceae
Heterocapsa_arctica,Eukaryota,SAR,Alveolata,Dinophyceae
Heterocapsa_circularisquama,Eukaryota,SAR,Alveolata,Dinophyceae
Heterocapsa_rotundata,Eukaryota,SAR,Alveolata,Dinophyceae
Heterocapsa_sp,Eukaryota,SAR,Alveolata,Dinophyceae
Jadwigia_sp,Eukaryota,SAR,Alveolata,Dinophyceae
Karenia_brevis,Eukaryota,SAR,Alveolata,Dinophyceae
Karenia_mikimotoi,Eukaryota,SAR,Alveolata,Dinophyceae
Karenia_papilionacea,Eukaryota,SAR,Alveolata,Dinophyceae
Karenia_selliformis,Eukaryota,SAR,Alveolata,Dinophyceae
Kofoidinium_sp,Eukaryota,SAR,Alveolata,Dinophyceae
Kryptoperidinium_foliaceum,Eukaryota,SAR,Alveolata,Dinophyceae
Kryptoperidinium_triquetrum,Eukaryota,SAR,Alveolata,Dinophyceae
Lebouridinium_glaucum,Eukaryota,SAR,Alveolata,Dinophyceae
Lepidodinium_chlorophorum,Eukaryota,SAR,Alveolata,Dinophyceae
Lepidodinium_sp,Eukaryota,SAR,Alveolata,Dinophyceae
Lessardia_elongata,Eukaryota,SAR,Alveolata,Dinophyceae
Levanderina_fissa,Eukaryota,SAR,Alveolata,Dinophyceae
Lingulodinium_polyedrum,Eukaryota,SAR,Alveolata,Dinophyceae
Margalefidinium_polykrikoides,Eukaryota,SAR,Alveolata,Dinophyceae
Nematodinium_sp_NmQI1,Eukaryota,SAR,Alveolata,Dinophyceae
Nematodinium_sp_NmQI2,Eukaryota,SAR,Alveolata,Dinophyceae
Noctiluca_scintillans,Eukaryota,SAR,Alveolata,Dinophyceae
Noctiluca_sp_No_FC1,Eukaryota,SAR,Alveolata,Dinophyceae
Noctiluca_sp_No_FC2,Eukaryota,SAR,Alveolata,Dinophyceae
Ostreopsis_ovata,Eukaryota,SAR,Alveolata,Dinophyceae
Ostreopsis_rhodesiae,Eukaryota,SAR,Alveolata,Dinophyceae
Ostreopsis_siamensis,Eukaryota,SAR,Alveolata,Dinophyceae
Oxyrrhis_marina,Eukaryota,SAR,Alveolata,Dinophyceae
Oxytoxum_lohmannii,Eukaryota,SAR,Alveolata,Dinophyceae
Oxytoxum_sp,Eukaryota,SAR,Alveolata,Dinophyceae
Palatinus_apiculatus,Eukaryota,SAR,Alveolata,Dinophyceae
Paragymnodinium_shiwhaense,Eukaryota,SAR,Alveolata,Dinophyceae
Parvilucifera_sinerae,Eukaryota,SAR,Alveolata,Perkinsozoa
Parvodinium_elpatiewskyi,Eukaryota,SAR,Alveolata,Dinophyceae
Parvodinium_inconspicuum,Eukaryota,SAR,Alveolata,Dinophyceae
Parvodinium_mixtum,Eukaryota,SAR,Alveolata,Dinophyceae
Parvodinium_sp_Ps_BGAG1,Eukaryota,SAR,Alveolata,Dinophyceae
Pelagodinium_bei,Eukaryota,SAR,Alveolata,Dinophyceae
Peridinium_aciculiferum,Eukaryota,SAR,Alveolata,Dinophyceae
Peridinium_bipes,Eukaryota,SAR,Alveolata,Dinophyceae
Peridinium_cinctum,Eukaryota,SAR,Alveolata,Dinophyceae
Peridinium_sp_M1,Eukaryota,SAR,Alveolata,Dinophyceae
Peridinium_sp_Ps_BGAG2,Eukaryota,SAR,Alveolata,Dinophyceae
Peridinium_sp_Ps_BGAG3,Eukaryota,SAR,Alveolata,Dinophyceae
Peridinium_sp_Ps_JP,Eukaryota,SAR,Alveolata,Dinophyceae
Peridinium_volzii,Eukaryota,SAR,Alveolata,Dinophyceae
Peridinium_willei,Eukaryota,SAR,Alveolata,Dinophyceae
Perkinsus_chesapeaki,Eukaryota,SAR,Alveolata,Perkinsozoa
Perkinsus_marinus,Eukaryota,SAR,Alveolata,Perkinsozoa
Perkinsus_olseni,Eukaryota,SAR,Alveolata,Perkinsozoa
Pfiesteria_piscicida,Eukaryota,SAR,Alveolata,Dinophyceae
Phalacroma_oxytoxoides,Eukaryota,SAR,Alveolata,Dinophyceae
Polarella_glacialis,Eukaryota,SAR,Alveolata,Dinophyceae
Polykrikos_kofoidii,Eukaryota,SAR,Alveolata,Dinophyceae
Prorocentrum_arenarium,Eukaryota,SAR,Alveolata,Dinophyceae
Prorocentrum_cf_balticum,Eukaryota,SAR,Alveolata,Dinophyceae
Prorocentrum_cordatum,Eukaryota,SAR,Alveolata,Dinophyceae
Prorocentrum_donghaiense,Eukaryota,SAR,Alveolata,Dinophyceae
Prorocentrum_hoffmannianum,Eukaryota,SAR,Alveolata,Dinophyceae
Prorocentrum_lima,Eukaryota,SAR,Alveolata,Dinophyceae
Prorocentrum_micans,Eukaryota,SAR,Alveolata,Dinophyceae
Prorocentrum_minimum,Eukaryota,SAR,Alveolata,Dinophyceae
Prorocentrum_shikokuense,Eukaryota,SAR,Alveolata,Dinophyceae
Prorocentrum_sp_CCMP3122,Eukaryota,SAR,Alveolata,Dinophyceae
Prorocentrum_texanum,Eukaryota,SAR,Alveolata,Dinophyceae
Proterythropsis_sp_PrFC1a,Eukaryota,SAR,Alveolata,Dinophyceae
Proterythropsis_sp_PrFC2,Eukaryota,SAR,Alveolata,Dinophyceae
Proterythropsis_sp_PrFC3b,Eukaryota,SAR,Alveolata,Dinophyceae
Proterythropsis_sp_PrFC4b,Eukaryota,SAR,Alveolata,Dinophyceae
Proterythropsis_sp_PrQI5,Eukaryota,SAR,Alveolata,Dinophyceae
Proterythropsis_sp_PrQI6,Eukaryota,SAR,Alveolata,Dinophyceae
Proterythropsis_sp_PrQI7,Eukaryota,SAR,Alveolata,Dinophyceae
Proterythropsis_sp_PrQI8,Eukaryota,SAR,Alveolata,Dinophyceae
Protoceratium_reticulatum,Eukaryota,SAR,Alveolata,Dinophyceae
Protoperidinium_conicum,Eukaryota,SAR,Alveolata,Dinophyceae
Protoperidinium_depressum,Eukaryota,SAR,Alveolata,Dinophyceae
Protoperidinium_pellucidum,Eukaryota,SAR,Alveolata,Dinophyceae
Protoperidinium_sp,Eukaryota,SAR,Alveolata,Dinophyceae
Psammosa_pacifica,Eukaryota,SAR,Alveolata,Dinophyceae
Psammosa_sp,Eukaryota,SAR,Alveolata,Dinophyceae
Pyrocystis_lunula,Eukaryota,SAR,Alveolata,Dinophyceae
Pyrodinium_bahamense,Eukaryota,SAR,Alveolata,Dinophyceae
Scrippsiella_acuminata,Eukaryota,SAR,Alveolata,Dinophyceae
Scrippsiella_hangoei,Eukaryota,SAR,Alveolata,Dinophyceae
Scrippsiella_trochoidea,Eukaryota,SAR,Alveolata,Dinophyceae
Spatulodinium_pseudonoctiluca,Eukaryota,SAR,Alveolata,Dinophyceae
Symbiodinium_goreaui,Eukaryota,SAR,Alveolata,Dinophyceae
Symbiodinium_kawagutii,Eukaryota,SAR,Alveolata,Dinophyceae
Symbiodinium_linucheae,Eukaryota,SAR,Alveolata,Dinophyceae
Symbiodinium_microadriaticum,Eukaryota,SAR,Alveolata,Dinophyceae
Symbiodinium_muscatinei,Eukaryota,SAR,Alveolata,Dinophyceae
Symbiodinium_natans,Eukaryota,SAR,Alveolata,Dinophyceae
Symbiodinium_necroappetens,Eukaryota,SAR,Alveolata,Dinophyceae
Symbiodinium_pilosum,Eukaryota,SAR,Alveolata,Dinophyceae
Symbiodinium_thermophilum,Eukaryota,SAR,Alveolata,Dinophyceae
Takayama_helix,Eukaryota,SAR,Alveolata,Dinophyceae
Thoracosphaera_heimii,Eukaryota,SAR,Alveolata,Dinophyceae
Togula_jolla,Eukaryota,SAR,Alveolata,Dinophyceae
Torodinium_robustum,Eukaryota,SAR,Alveolata,Dinophyceae
Tripos_fusus,Eukaryota,SAR,Alveolata,Dinophyceae
Warnowia_sp_WaQI1,Eukaryota,SAR,Alveolata,Dinophyceae
Warnowia_sp_WaQI2,Eukaryota,SAR,Alveolata,Dinophyceae
Warnowia_sp_WaQI3,Eukaryota,SAR,Alveolata,Dinophyceae
Warnowia_sp_WaQI4,Eukaryota,SAR,Alveolata,Dinophyceae
Woloszynskia_sp_Ws_BRC,Eukaryota,SAR,Alveolata,Dinophyceae
Woloszynskia_sp_Ws_JP1,Eukaryota,SAR,Alveolata,Dinophyceae
Woloszynskia_sp_Ws_JP2,Eukaryota,SAR,Alveolata,Dinophyceae
Yihiella_yeosuensis,Eukaryota,SAR,Alveolata,Dinophyceae
Zooxanthella_nutricula,Eukaryota,SAR,Alveolata,Dinophyceae
Acanthamoeba_castellanii,Eukaryota,Amoebozoa,Discosea,Longamoebia
Acanthamoeba_griffini,Eukaryota,Amoebozoa,Discosea,Longamoebia
Acanthamoeba_polyphaga,Eukaryota,Amoebozoa,Discosea,Longamoebia
Acanthamoeba_pyriformis,Eukaryota,Amoebozoa,Discosea,Longamoebia
Acanthamoeba_terricola,Eukaryota,Amoebozoa,Discosea,Longamoebia
Acramoeba_dendroida,Eukaryota,Amoebozoa,Evosea,Variosea
Acytostelium_subglobosum,Eukaryota,Amoebozoa,Evosea,Eumycetozoa
Amoeba_proteus,Eukaryota,Amoebozoa,Tubulinea,Elardia
Amphizonella_sp,Eukaryota,Amoebozoa,Tubulinea,Corycida
Arcella_intermedia,Eukaryota,Amoebozoa,Tubulinea,Elardia
Arcella_sp,Eukaryota,Amoebozoa,Tubulinea,Elardia
Balamuthia_mandrillaris,Eukaryota,Amoebozoa,Discosea,Longamoebia
Cavenderia_bifurcata,Eukaryota,Amoebozoa,Evosea,Eumycetozoa
Cavenderia_fasciculata,Eukaryota,Amoebozoa,Evosea,Eumycetozoa
Cavenderia_multistipes,Eukaryota,Amoebozoa,Evosea,Eumycetozoa
Cavenderia_parvispora,Eukaryota,Amoebozoa,Evosea,Eumycetozoa
Cavostelium_apophysatum,Eukaryota,Amoebozoa,Evosea,Variosea
Centropyxis_aculeata,Eukaryota,Amoebozoa,Tubulinea,Elardia
Centropyxis_blatta,Eukaryota,Amoebozoa,Tubulinea,Elardia
Centropyxis_sp,Eukaryota,Amoebozoa,Tubulinea,Elardia
Ceratiomyxa_fruticulosa,Eukaryota,Amoebozoa,Evosea,Eumycetozoa
Ceratiomyxa_porioides,Eukaryota,Amoebozoa,Evosea,Eumycetozoa
Ceratiomyxella_tahitiensis,Eukaryota,Amoebozoa,Evosea,Variosea
Clastostelium_recurvatum,Eukaryota,Amoebozoa,Evosea,Eumycetozoa
Clydonella_sp,Eukaryota,Amoebozoa,Discosea,Flabellinia
Cochliopodium_minus,Eukaryota,Amoebozoa,Discosea,Himatismenida
Cochliopodium_pentatrifurcatum,Eukaryota,Amoebozoa,Discosea,Himatismenida
Copromyxa_protea,Eukaryota,Amoebozoa,Tubulinea,Elardia
Coronamoeba_villafranca,Eukaryota,Amoebozoa,Discosea,Longamoebia
Cryptodifflugia_sp,Eukaryota,Amoebozoa,Tubulinea,Elardia
Cunea_sp,Eukaryota,Amoebozoa,Discosea,Flabellinia
Cyclopyxis_impressa,Eukaryota,Amoebozoa,Tubulinea,Elardia
Cyclopyxis_sp,Eukaryota,Amoebozoa,Tubulinea,Elardia
Dermamoeba_algiensis,Eukaryota,Amoebozoa,Discosea,Longamoebia
Dictyostelium_capitatum,Eukaryota,Amoebozoa,Evosea,Eumycetozoa
Dictyostelium_citrinum,Eukaryota,Amoebozoa,Evosea,Eumycetozoa
Dictyostelium_dimigraforme,Eukaryota,Amoebozoa,Evosea,Eumycetozoa
Dictyostelium_discoideum,Eukaryota,Amoebozoa,Evosea,Eumycetozoa
Dictyostelium_firmibasis,Eukaryota,Amoebozoa,Evosea,Eumycetozoa
Dictyostelium_gargantuum,Eukaryota,Amoebozoa,Evosea,Eumycetozoa
Dictyostelium_giganteum,Eukaryota,Amoebozoa,Evosea,Eumycetozoa
Dictyostelium_intermedium,Eukaryota,Amoebozoa,Evosea,Eumycetozoa
Dictyostelium_purpureum,Eukaryota,Amoebozoa,Evosea,Eumycetozoa
Dictyostelium_rosarium,Eukaryota,Amoebozoa,Evosea,Eumycetozoa
Didymium_iridis,Eukaryota,Amoebozoa,Evosea,Eumycetozoa
Didymium_megalosporum,Eukaryota,Amoebozoa,Evosea,Eumycetozoa
Difflugia_bryophila,Eukaryota,Amoebozoa,Tubulinea,Elardia
Difflugia_cf_capreolata,Eukaryota,Amoebozoa,Tubulinea,Elardia
Difflugia_compressa,Eukaryota,Amoebozoa,Tubulinea,Elardia
Difflugia_sp,Eukaryota,Amoebozoa,Tubulinea,Elardia
Diplochlamys_sp,Eukaryota,Amoebozoa,Tubulinea,Corycida
Echinamoeba_exundans,Eukaryota,Amoebozoa,Tubulinea,Echinamoebida
Echinosteliopsis_oligospora,Eukaryota,Amoebozoa,Evosea,Eumycetozoa
Echinostelium_bisporum,Eukaryota,Amoebozoa,Evosea,Eumycetozoa
Endolimax_sp,Eukaryota,Amoebozoa,Evosea,Archamoebae
Endostelium_zonatum,Eukaryota,Amoebozoa,Discosea,Flabellinia
Entamoeba_dispar,Eukaryota,Amoebozoa,Evosea,Archamoebae
Entamoeba_histolytica,Eukaryota,Amoebozoa,Evosea,Archamoebae
Entamoeba_invadens,Eukaryota,Amoebozoa,Evosea,Archamoebae
Entamoeba_marina,Eukaryota,Amoebozoa,Evosea,Archamoebae
Entamoeba_nuttalli,Eukaryota,Amoebozoa,Evosea,Archamoebae
Filamoeba_nolandi,Eukaryota,Amoebozoa,Evosea,Variosea
Flabellula_citata,Eukaryota,Amoebozoa,Tubulinea,Elardia
Flamella_aegyptia,Eukaryota,Amoebozoa,Evosea,Variosea
Fuligo_septica,Eukaryota,Amoebozoa,Evosea,Eumycetozoa
Galeripora_sp,Eukaryota,Amoebozoa,Tubulinea,Elardia
Gocevia_fonbrunei,Eukaryota,Amoebozoa,Discosea,Himatismenida
Grellamoeba_robusta,Eukaryota,Amoebozoa,Evosea,Variosea
Hagiwaraea_rhizopodium,Eukaryota,Amoebozoa,Evosea,Eumycetozoa
Heleopera_lucida,Eukaryota,Amoebozoa,Tubulinea,Elardia
Heleopera_rosea,Eukaryota,Amoebozoa,Tubulinea,Elardia
Heleopera_sphagni,Eukaryota,Amoebozoa,Tubulinea,Elardia
Heleopera_sylvatica,Eukaryota,Amoebozoa,Tubulinea,Elardia
Heterostelium_album,Eukaryota,Amoebozoa,Evosea,Eumycetozoa
Heterostelium_gloeosporum,Eukaryota,Amoebozoa,Evosea,Eumycetozoa
Heterostelium_pallidum,Eukaryota,Amoebozoa,Evosea,Eumycetozoa
Hyalosphenia_elegans,Eukaryota,Amoebozoa,Tubulinea,Elardia
Hyalosphenia_papilio,Eukaryota,Amoebozoa,Tubulinea,Elardia
Idionectes_vortex,Eukaryota,Amoebozoa,Evosea,Cutosea
Janelia_veilia,Eukaryota,Amoebozoa,Discosea,Flabellinia
Kanabo_filosa,Eukaryota,Amoebozoa,Evosea,Variosea
Kanabo_kenzan,Eukaryota,Amoebozoa,Evosea,Variosea
Lesquereusia_mimetica,Eukaryota,Amoebozoa,Tubulinea,Elardia
Lingulamoeba_sp,Eukaryota,Amoebozoa,Discosea,Flabellinia
Luapeleamoeba_arachisporum,Eukaryota,Amoebozoa,Discosea,Longamoebia
Luapeleamoeba_hula,Eukaryota,Amoebozoa,Discosea,Longamoebia
Mastigamoeba_abducta,Eukaryota,Amoebozoa,Evosea,Archamoebae
Mastigamoeba_balamuthi,Eukaryota,Amoebozoa,Evosea,Archamoebae
Mastigella_eilhardi,Eukaryota,Amoebozoa,Evosea,Archamoebae
Mayorella_cantabrigiensis,Eukaryota,Amoebozoa,Discosea,Longamoebia
Mayorella_gemmifera,Eukaryota,Amoebozoa,Discosea,Longamoebia
Mayorella_marianaensis,Eukaryota,Amoebozoa,Discosea,Longamoebia
Mayorella_sp,Eukaryota,Amoebozoa,Discosea,Longamoebia
Mayorella_vespertilioides,Eukaryota,Amoebozoa,Discosea,Longamoebia
Micriamoeba_sp,Eukaryota,Amoebozoa,Tubulinea,Echinamoebida
Microchlamys_patella,Eukaryota,Amoebozoa,Tubulinea,Corycida
Microcorycia_aculeata,Eukaryota,Amoebozoa,Tubulinea,Elardia
Microcorycia_flava,Eukaryota,Amoebozoa,Tubulinea,Elardia
Microglomus_paxillus,Eukaryota,Amoebozoa,Evosea,Variosea
Mycamoeba_gemmipara,Eukaryota,Amoebozoa,Discosea,Flabellinia
Nebela_flabellulum,Eukaryota,Amoebozoa,Tubulinea,Elardia
Nebela_militaris,Eukaryota,Amoebozoa,Tubulinea,Elardia
Nebela_sp,Eukaryota,Amoebozoa,Tubulinea,Elardia
Nebela_tubulosa,Eukaryota,Amoebozoa,Tubulinea,Elardia
Nematostelium_gracile,Eukaryota,Amoebozoa,Evosea,Variosea
Netzelia_lobostoma,Eukaryota,Amoebozoa,Tubulinea,Elardia
Netzelia_sp,Eukaryota,Amoebozoa,Tubulinea,Elardia
Netzelia_tuberspinifera,Eukaryota,Amoebozoa,Tubulinea,Elardia
Nolandella_sp,Eukaryota,Amoebozoa,Tubulinea,Elardia
Ovalopodium_desertum,Eukaryota,Amoebozoa,Discosea,Himatismenida
Paradermamoeba_levis,Eukaryota,Amoebozoa,Discosea,Longamoebia
Parakanabo_filosa,Eukaryota,Amoebozoa,Evosea,Variosea
Parakanabo_toge,Eukaryota,Amoebozoa,Evosea,Variosea
Paramoeba_aestuarina,Eukaryota,Amoebozoa,Discosea,Flabellinia
Paramoeba_atlantica,Eukaryota,Amoebozoa,Discosea,Flabellinia
Paramoeba_invadens,Eukaryota,Amoebozoa,Discosea,Flabellinia
Paramoeba_pemaquidensis,Eukaryota,Amoebozoa,Discosea,Flabellinia
Paramoeba_perurans,Eukaryota,Amoebozoa,Discosea,Flabellinia
Parvamoeba_monoura,Eukaryota,Amoebozoa,Discosea,Himatismenida
Parvamoeba_rugata,Eukaryota,Amoebozoa,Discosea,Himatismenida
Pellita_catalonica,Eukaryota,Amoebozoa,Discosea,Flabellinia
Pelomyxa_schiedti,Eukaryota,Amoebozoa,Evosea,Archamoebae
Pelomyxa_sp,Eukaryota,Amoebozoa,Evosea,Archamoebae
Pessonella_sp,Eukaryota,Amoebozoa,Discosea,Flabellinia
Phalansterium_solitarium,Eukaryota,Amoebozoa,Evosea,Variosea
Phryganella_acropodia,Eukaryota,Amoebozoa,Tubulinea,Elardia
Phryganella_paradoxa,Eukaryota,Amoebozoa,Tubulinea,Elardia
Physarum_melleum,Eukaryota,Amoebozoa,Evosea,Eumycetozoa
Physarum_polycephalum,Eukaryota,Amoebozoa,Evosea,Eumycetozoa
Physarum_rigidum,Eukaryota,Amoebozoa,Evosea,Eumycetozoa
Physarum_roseum,Eukaryota,Amoebozoa,Evosea,Eumycetozoa
Planocarina_carinata,Eukaryota,Amoebozoa,Tubulinea,Elardia
Planoprotostelium_fungivorum,Eukaryota,Amoebozoa,Evosea,Variosea
Polysphondylium_violaceum,Eukaryota,Amoebozoa,Evosea,Eumycetozoa
Protacanthamoeba_bohemica,Eukaryota,Amoebozoa,Discosea,Longamoebia
Protosporangium_articulatum,Eukaryota,Amoebozoa,Evosea,Eumycetozoa
Protostelium_nocturum,Eukaryota,Amoebozoa,Evosea,Variosea
Ptolemeba_bulliensis,Eukaryota,Amoebozoa,Tubulinea,Elardia
Pyxidicula_operculata,Eukaryota,Amoebozoa,Tubulinea,Elardia
Quadrulella_sp,Eukaryota,Amoebozoa,Tubulinea,Elardia
Quadrulella_symmetrica,Eukaryota,Amoebozoa,Tubulinea,Elardia
Raperostelium_australe,Eukaryota,Amoebozoa,Evosea,Eumycetozoa
Raperostelium_gracile,Eukaryota,Amoebozoa,Evosea,Eumycetozoa
Raperostelium_potamoides,Eukaryota,Amoebozoa,Evosea,Eumycetozoa
Rhizamoeba_saxonica,Eukaryota,Amoebozoa,Tubulinea,Elardia
Rhizomastix_elongata,Eukaryota,Amoebozoa,Evosea,Archamoebae
Rhizomastix_libera,Eukaryota,Amoebozoa,Evosea,Archamoebae
Rhizomastix_vacuolata,Eukaryota,Amoebozoa,Evosea,Archamoebae
Ripella_sp,Eukaryota,Amoebozoa,Discosea,Flabellinia
Sappinia_pedata,Eukaryota,Amoebozoa,Discosea,Longamoebia
Schizoplasmodiopsis_pseudoendospora,Eukaryota,Amoebozoa,Evosea,Variosea
Schizoplasmodiopsis_vulgaris,Eukaryota,Amoebozoa,Evosea,Variosea
Sexangularia_sp,Eukaryota,Amoebozoa,Tubulinea,Elardia
Soliformovum_irregularis,Eukaryota,Amoebozoa,Evosea,Variosea
Spumochlamys_bryora,Eukaryota,Amoebozoa,Tubulinea,Corycida
Spumochlamys_sp,Eukaryota,Amoebozoa,Tubulinea,Corycida
Squamamoeba_japonica,Eukaryota,Amoebozoa,Evosea,Cutosea
Stenamoeba_limacina,Eukaryota,Amoebozoa,Discosea,Longamoebia
Stenamoeba_stenopodia,Eukaryota,Amoebozoa,Discosea,Longamoebia
Stereomyxa_ramosa,Eukaryota,Amoebozoa,Amoebozoa incertae sedis,Stereomyxa
Stratorugosa_tubuloviscum,Eukaryota,Amoebozoa,Discosea,Longamoebia
Stygamoeba_regulata,Eukaryota,Amoebozoa,Discosea,Stygamoebida
Thecamoeba_quadrilineata,Eukaryota,Amoebozoa,Discosea,Longamoebia
Thecamoeba_sp,Eukaryota,Amoebozoa,Discosea,Longamoebia
Thecamoebidae_sp,Eukaryota,Amoebozoa,Discosea,Longamoebia
Tieghemostelium_lacteum,Eukaryota,Amoebozoa,Evosea,Eumycetozoa
Tieghemostelium_menorah,Eukaryota,Amoebozoa,Evosea,Eumycetozoa
Trichosphaerium_sp,Eukaryota,Amoebozoa,Discosea,Flabellinia
Tychosporium_acutostipes,Eukaryota,Amoebozoa,Evosea,Variosea
Unda_schaefferi,Eukaryota,Amoebozoa,Amoebozoa incertae sedis,Unda
Vannella_fimicola,Eukaryota,Amoebozoa,Discosea,Flabellinia
Vannella_robusta,Eukaryota,Amoebozoa,Discosea,Flabellinia
Vannella_septentrionalis,Eukaryota,Amoebozoa,Discosea,Flabellinia
Vannella_sp,Eukaryota,Amoebozoa,Discosea,Flabellinia
Vermamoeba_sp,Eukaryota,Amoebozoa,Tubulinea,Echinamoebida
Vermamoeba_vermiformis,Eukaryota,Amoebozoa,Tubulinea,Echinamoebida
Vermistella_antarctica,Eukaryota,Amoebozoa,Discosea,Stygamoebida
Vexillifera_minutissima,Eukaryota,Amoebozoa,Discosea,Flabellinia
Vexillifera_sp,Eukaryota,Amoebozoa,Discosea,Flabellinia
Fabomonas_mesopelagica,Eukaryota,Ancyromonadida,Planomonadidae,Fabomonas
Ancyromonas_kenti,Eukaryota,Ancyromonadida,Ancyromonadidae,Ancyromonas
Ancyromonas_mediterranea,Eukaryota,Ancyromonadida,Ancyromonadidae,Ancyromonas
Ancyromonas_sigmoides,Eukaryota,Ancyromonadida,Ancyromonadidae,Ancyromonas
Caraotamonas_croatica,Eukaryota,Ancyromonadida,Ancyromonadidae,Caraotamonas
Nyramonas_silfraensis,Eukaryota,Ancyromonadida,Ancyromonadidae,Nyramonas
Striomonas_longa,Eukaryota,Ancyromonadida,Ancyromonadidae,Striomonas
Nutomonas_howeae,Eukaryota,Ancyromonadida,Planomonadidae,Nutomonas
Fabomonas_tropica,Eukaryota,Ancyromonadida,Planomonadidae,Fabomonas
Planomonas_micra,Eukaryota,Ancyromonadida,Planomonadidae,Planomonas
Amastigomonas_sp,Eukaryota,Apusozoa,Apusomonadida,Apusomonadidae
Apusomonas_australiensis,Eukaryota,Apusozoa,Apusomonadida,Apusomonadidae
Apusomonas_proboscidea,Eukaryota,Apusozoa,Apusomonadida,Apusomonadidae
Catacumbia_lutetiensis,Eukaryota,Apusozoa,Apusomonadida,Apusomonadidae
Cavaliersmithia_chaoae,Eukaryota,Apusozoa,Apusomonadida,Apusomonadidae
Chelonemonas_dolani,Eukaryota,Apusozoa,Apusomonadida,Apusomonadidae
Chelonemonas_geobuk,Eukaryota,Apusozoa,Apusomonadida,Apusomonadidae
Karpovia_croatica,Eukaryota,Apusozoa,Apusomonadida,Apusomonadidae
Multimonas_media,Eukaryota,Apusozoa,Apusomonadida,Apusomonadidae
Mylnikovia_oxoniensis,Eukaryota,Apusozoa,Apusomonadida,Apusomonadidae
Podomonas_capensis,Eukaryota,Apusozoa,Apusomonadida,Apusomonadidae
Podomonas_magna,Eukaryota,Apusozoa,Apusomonadida,Apusomonadidae
Singekia_franciliensis,Eukaryota,Apusozoa,Apusomonadida,Apusomonadidae
Singekia_montserratensis,Eukaryota,Apusozoa,Apusomonadida,Apusomonadidae
Thecamonas_trahens,Eukaryota,Apusozoa,Apusomonadida,Apusomonadidae
Acrosiphonia_sp,Eukaryota,Archaeplastida,Chloroplastida,Ulvophyceae
Actinastrum_hantzschii,Eukaryota,Archaeplastida,Chloroplastida,Trebouxiophyceae
Acutodesmus_raciborskii,Eukaryota,Archaeplastida,Chloroplastida,Chlorophyceae
Acutodesmus_sp_HLGY,Eukaryota,Archaeplastida,Chloroplastida,Chlorophyceae
Aegagropila_linnaei,Eukaryota,Archaeplastida,Chloroplastida,Ulvophyceae
Ankistrodesmus_arcuatus,Eukaryota,Archaeplastida,Chloroplastida,Chlorophyceae
Ankistrodesmus_falcatus,Eukaryota,Archaeplastida,Chloroplastida,Chlorophyceae
Apatococcus_fuscideae,Eukaryota,Archaeplastida,Chloroplastida,Trebouxiophyceae
Aphanochaete_confervicola,Eukaryota,Archaeplastida,Chloroplastida,Chlorophyceae
Aphanochaete_elegans,Eukaryota,Archaeplastida,Chloroplastida,Chlorophyceae
Aphanochaete_repens,Eukaryota,Archaeplastida,Chloroplastida,Chlorophyceae
Asteromonas_gracilis,Eukaryota,Archaeplastida,Chloroplastida,Chlorophyceae
Astrephomene_gubernaculifera,Eukaryota,Archaeplastida,Chloroplastida,Chlorophyceae
Astrephomene_perforata,Eukaryota,Archaeplastida,Chloroplastida,Chlorophyceae
Atractomorpha_echinata,Eukaryota,Archaeplastida,Chloroplastida,Chlorophyceae
Auxenochlorella_protothecoides,Eukaryota,Archaeplastida,Chloroplastida,Trebouxiophyceae
Auxenochlorella_pyrenoidosa,Eukaryota,Archaeplastida,Chloroplastida,Trebouxiophyceae
Basichlamys_sacculifera,Eukaryota,Archaeplastida,Chloroplastida,Chlorophyceae
Bathycoccus_prasinos,Eukaryota,Archaeplastida,Chloroplastida,Mamiellales
Blastophysa_sp,Eukaryota,Archaeplastida,Chloroplastida,Ulvophyceae
Blidingia_minima,Eukaryota,Archaeplastida,Chloroplastida,Ulvophyceae
Bolbocoleon_piliferum,Eukaryota,Archaeplastida,Chloroplastida,Ulvophyceae
Boodlea_composita,Eukaryota,Archaeplastida,Chloroplastida,Ulvophyceae
Botryococcus_braunii,Eukaryota,Archaeplastida,Chloroplastida,Trebouxiophyceae
Botryococcus_terribilis,Eukaryota,Archaeplastida,Chloroplastida,Trebouxiophyceae
Botryosphaerella_sudetica,Eukaryota,Archaeplastida,Chloroplastida,Chlorophyceae
Brachiomonas_submarina,Eukaryota,Archaeplastida,Chloroplastida,Chlorophyceae
Bracteacoccus_aerius,Eukaryota,Archaeplastida,Chloroplastida,Chlorophyceae
Bryopsis_hypnoides,Eukaryota,Archaeplastida,Chloroplastida,Ulvophyceae
Bryopsis_plumosa,Eukaryota,Archaeplastida,Chloroplastida,Ulvophyceae
Calidiella_epiphylla,Eukaryota,Archaeplastida,Chloroplastida,Trebouxiophyceae
Calidiella_yingdensis,Eukaryota,Archaeplastida,Chloroplastida,Trebouxiophyceae
Carteria_obtusa,Eukaryota,Archaeplastida,Chloroplastida,Chlorophyceae
Caulerpa_cylindracea,Eukaryota,Archaeplastida,Chloroplastida,Ulvophyceae
Caulerpa_denticulata,Eukaryota,Archaeplastida,Chloroplastida,Ulvophyceae
Caulerpa_lentillifera,Eukaryota,Archaeplastida,Chloroplastida,Ulvophyceae
Caulerpa_okamurae,Eukaryota,Archaeplastida,Chloroplastida,Ulvophyceae
Caulerpa_prolifera,Eukaryota,Archaeplastida,Chloroplastida,Ulvophyceae
Caulerpa_racemosa,Eukaryota,Archaeplastida,Chloroplastida,Ulvophyceae
Caulerpa_taxifolia,Eukaryota,Archaeplastida,Chloroplastida,Ulvophyceae
Cephaleuros_parasiticus,Eukaryota,Archaeplastida,Chloroplastida,Ulvophyceae
Cephaleuros_virescens,Eukaryota,Archaeplastida,Chloroplastida,Ulvophyceae
Chaetomorpha_tokyoensis,Eukaryota,Archaeplastida,Chloroplastida,Ulvophyceae
Chaetopeltis_orbicularis,Eukaryota,Archaeplastida,Chloroplastida,Chlorophyceae
Chaetophora_lobata,Eukaryota,Archaeplastida,Chloroplastida,Chlorophyceae
Chaetophoropsis_attenuata,Eukaryota,Archaeplastida,Chloroplastida,Chlorophyceae
Chaetophoropsis_polyrhiza,Eukaryota,Archaeplastida,Chloroplastida,Chlorophyceae
Chlamydocapsa_ampla,Eukaryota,Archaeplastida,Chloroplastida,Chlorophyceae
Chlamydocapsa_planctonica,Eukaryota,Archaeplastida,Chloroplastida,Chlorophyceae
Chlamydomonas_acidophila,Eukaryota,Archaeplastida,Chloroplastida,Chlorophyceae
Chlamydomonas_bilatus,Eukaryota,Archaeplastida,Chloroplastida,Chlorophyceae
Chlamydomonas_chlamydogama,Eukaryota,Archaeplastida,Chloroplastida,Chlorophyceae
Chlamydomonas_cribrum,Eukaryota,Archaeplastida,Chloroplastida,Chlorophyceae
Chlamydomonas_euryale,Eukaryota,Archaeplastida,Chloroplastida,Chlorophyceae
Chlamydomonas_globosa,Eukaryota,Archaeplastida,Chloroplastida,Chlorophyceae
Chlamydomonas_klinobasis,Eukaryota,Archaeplastida,Chloroplastida,Chlorophyceae
Chlamydomonas_leiostraca,Eukaryota,Archaeplastida,Chloroplastida,Chlorophyceae
Chlamydomonas_moewusii,Eukaryota,Archaeplastida,Chloroplastida,Chlorophyceae
Chlamydomonas_nasuta,Eukaryota,Archaeplastida,Chloroplastida,Chlorophyceae
Chlamydomonas_nivalis,Eukaryota,Archaeplastida,Chloroplastida,Chlorophyceae
Chlamydomonas_noctigama,Eukaryota,Archaeplastida,Chloroplastida,Chlorophyceae
Chlamydomonas_pacifica,Eukaryota,Archaeplastida,Chloroplastida,Chlorophyceae
Chlamydomonas_pitschmannii,Eukaryota,Archaeplastida,Chloroplastida,Chlorophyceae
Chlamydomonas_pseudogloeogama,Eukaryota,Archaeplastida,Chloroplastida,Chlorophyceae
Chlamydomonas_reinhardtii,Eukaryota,Archaeplastida,Chloroplastida,Chlorophyceae
Chlorella_regularis,Eukaryota,Archaeplastida,Chloroplastida,Trebouxiophyceae
Chlorella_sorokiniana,Eukaryota,Archaeplastida,Chloroplastida,Trebouxiophyceae
Chlorella_variabilis,Eukaryota,Archaeplastida,Chloroplastida,Trebouxiophyceae
Chlorella_vulgaris,Eukaryota,Archaeplastida,Chloroplastida,Trebouxiophyceae
Chlorocladiella_medogensis,Eukaryota,Archaeplastida,Chloroplastida,Ulvophyceae
Chlorocladiella_pisiformis,Eukaryota,Archaeplastida,Chloroplastida,Ulvophyceae
Chloroclados_australasicus,Eukaryota,Archaeplastida,Chloroplastida,Ulvophyceae
Chlorococcum_citriforme,Eukaryota,Archaeplastida,Chloroplastida,Chlorophyceae
Chlorococcum_infusionum,Eukaryota,Archaeplastida,Chloroplastida,Chlorophyceae
Chlorococcum_microstigmatum,Eukaryota,Archaeplastida,Chloroplastida,Chlorophyceae
Chlorococcum_oleofaciens,Eukaryota,Archaeplastida,Chloroplastida,Chlorophyceae
Chlorococcum_sp,Eukaryota,Archaeplastida,Chloroplastida,Chlorophyceae
Chlorodesmis_fastigiata,Eukaryota,Archaeplastida,Chloroplastida,Ulvophyceae
Chlorogonium_capillatum,Eukaryota,Archaeplastida,Chloroplastida,Chlorophyceae
Chloroidium_saccharophilum,Eukaryota,Archaeplastida,Chloroplastida,Trebouxiophyceae
Chlorominima_collina,Eukaryota,Archaeplastida,Chloroplastida,Chlorophyceae
Chloromonas_brevispina,Eukaryota,Archaeplastida,Chloroplastida,Chlorophyceae
Chloromonas_oogama,Eukaryota,Archaeplastida,Chloroplastida,Chlorophyceae
Chloromonas_remiasii,Eukaryota,Archaeplastida,Chloroplastida,Chlorophyceae
Chloromonas_reticulata,Eukaryota,Archaeplastida,Chloroplastida,Chlorophyceae
Chloromonas_rosae,Eukaryota,Archaeplastida,Chloroplastida,Chlorophyceae
Chloromonas_sp_KNF32,Eukaryota,Archaeplastida,Chloroplastida,Chlorophyceae
Chloromonas_subdivisa,Eukaryota,Archaeplastida,Chloroplastida,Chlorophyceae
Chloromonas_tughillensis,Eukaryota,Archaeplastida,Chloroplastida,Chlorophyceae
Chloroparvula_cf_pacifica,Eukaryota,Archaeplastida,Chloroplastida,Chloropicales
Chloroparvula_sp_RCC696,Eukaryota,Archaeplastida,Chloroplastida,Chloropicales
Chloropicon_maureeniae,Eukaryota,Archaeplastida,Chloroplastida,Chloropicales
Chloropicon_primus,Eukaryota,Archaeplastida,Chloroplastida,Chloropicales
Chloropicon_roscoffensis,Eukaryota,Archaeplastida,Chloroplastida,Chloropicales
Chloropicon_sieburthii,Eukaryota,Archaeplastida,Chloroplastida,Chloropicales
Chodatodesmus_mucronulatus,Eukaryota,Archaeplastida,Chloroplastida,Chlorophyceae
Chromochloris_zofingiensis,Eukaryota,Archaeplastida,Chloroplastida,Chlorophyceae
Cladophora_glomerata,Eukaryota,Archaeplastida,Chloroplastida,Ulvophyceae
Closteriopsis_acicularis,Eukaryota,Archaeplastida,Chloroplastida,Trebouxiophyceae
Coccomyxa_subellipsoidea,Eukaryota,Archaeplastida,Chloroplastida,Trebouxiophyceae
Coccomyxa_viridis,Eukaryota,Archaeplastida,Chloroplastida,Trebouxiophyceae
Codium_arabicum,Eukaryota,Archaeplastida,Chloroplastida,Ulvophyceae
Codium_fragile,Eukaryota,Archaeplastida,Chloroplastida,Ulvophyceae
Coelastrella_oocystiformis,Eukaryota,Archaeplastida,Chloroplastida,Chlorophyceae
Coelastrella_sp,Eukaryota,Archaeplastida,Chloroplastida,Chlorophyceae
Coelastrella_striolata,Eukaryota,Archaeplastida,Chloroplastida,Chlorophyceae
Coelastrella_tenuitheca,Eukaryota,Archaeplastida,Chloroplastida,Chlorophyceae
Coelastrella_terrestris,Eukaryota,Archaeplastida,Chloroplastida,Chlorophyceae
Coelastrum_astroideum,Eukaryota,Archaeplastida,Chloroplastida,Chlorophyceae
Coelastrum_microporum,Eukaryota,Archaeplastida,Chloroplastida,Chlorophyceae
Coelastrum_pseudomicroporum,Eukaryota,Archaeplastida,Chloroplastida,Chlorophyceae
Coelastrum_pulchrum,Eukaryota,Archaeplastida,Chloroplastida,Chlorophyceae
Coelastrum_sphaericum,Eukaryota,Archaeplastida,Chloroplastida,Chlorophyceae
Colemanosphaera_angeleri,Eukaryota,Archaeplastida,Chloroplastida,Chlorophyceae
Colemanosphaera_charkowiensis,Eukaryota,Archaeplastida,Chloroplastida,Chlorophyceae
Crucigenia_quadrata,Eukaryota,Archaeplastida,Chloroplastida,Chlorophyceae
Crustomastix_stigmatica,Eukaryota,Archaeplastida,Chloroplastida,Dolichomastigales
Cylindrocapsa_geminella,Eukaryota,Archaeplastida,Chloroplastida,Chlorophyceae
Cymbomonas_sp_M3265,Eukaryota,Archaeplastida,Chloroplastida,Pyramimonadales
Cymbomonas_tetramitiformis,Eukaryota,Archaeplastida,Chloroplastida,Pyramimonadales
Derbesia_sp,Eukaryota,Archaeplastida,Chloroplastida,Ulvophyceae
Desmochloris_halophila,Eukaryota,Archaeplastida,Chloroplastida,Ulvophyceae
Desmodesmus_abundans,Eukaryota,Archaeplastida,Chloroplastida,Chlorophyceae
Desmodesmus_armatus,Eukaryota,Archaeplastida,Chloroplastida,Chlorophyceae
Desmodesmus_bicellularis,Eukaryota,Archaeplastida,Chloroplastida,Chlorophyceae
Desmodesmus_cf_armatus,Eukaryota,Archaeplastida,Chloroplastida,Chlorophyceae
Desmodesmus_communis,Eukaryota,Archaeplastida,Chloroplastida,Chlorophyceae
Desmodesmus_denticulatus,Eukaryota,Archaeplastida,Chloroplastida,Chlorophyceae
Desmodesmus_elegans,Eukaryota,Archaeplastida,Chloroplastida,Chlorophyceae
Desmodesmus_hystrix,Eukaryota,Archaeplastida,Chloroplastida,Chlorophyceae
Desmodesmus_intermedius,Eukaryota,Archaeplastida,Chloroplastida,Chlorophyceae
Desmodesmus_lunatus,Eukaryota,Archaeplastida,Chloroplastida,Chlorophyceae
Desmodesmus_multiformis,Eukaryota,Archaeplastida,Chloroplastida,Chlorophyceae
Desmodesmus_pannonicus,Eukaryota,Archaeplastida,Chloroplastida,Chlorophyceae
Desmodesmus_perforatus,Eukaryota,Archaeplastida,Chloroplastida,Chlorophyceae
Desmodesmus_sp,Eukaryota,Archaeplastida,Chloroplastida,Chlorophyceae
Desmodesmus_ultrasquamatus,Eukaryota,Archaeplastida,Chloroplastida,Chlorophyceae
Dichotomosiphon_tuberosus,Eukaryota,Archaeplastida,Chloroplastida,Ulvophyceae
Dictyosphaerium_ehrenbergianum,Eukaryota,Archaeplastida,Chloroplastida,Trebouxiophyceae
Diplosphaera_sundellii,Eukaryota,Archaeplastida,Chloroplastida,Trebouxiophyceae
Dolichomastix_tenuilepis,Eukaryota,Archaeplastida,Chloroplastida,Dolichomastigales
Draparnaldia_mutabilis,Eukaryota,Archaeplastida,Chloroplastida,Chlorophyceae
Dunaliella_parva,Eukaryota,Archaeplastida,Chloroplastida,Chlorophyceae
Dunaliella_primolecta,Eukaryota,Archaeplastida,Chloroplastida,Chlorophyceae
Dunaliella_salina,Eukaryota,Archaeplastida,Chloroplastida,Chlorophyceae
Dunaliella_tertiolecta,Eukaryota,Archaeplastida,Chloroplastida,Chlorophyceae
Dunaliella_viridis,Eukaryota,Archaeplastida,Chloroplastida,Chlorophyceae
Edaphochlamys_debaryana,Eukaryota,Archaeplastida,Chloroplastida,Chlorophyceae
Elliptochloris_bilobata,Eukaryota,Archaeplastida,Chloroplastida,Trebouxiophyceae
Elliptochloris_marina,Eukaryota,Archaeplastida,Chloroplastida,Trebouxiophyceae
Enallax_coelastroides,Eukaryota,Archaeplastida,Chloroplastida,Chlorophyceae
Enallax_costatus,Eukaryota,Archaeplastida,Chloroplastida,Chlorophyceae
Eremochloris_sphaerica,Eukaryota,Archaeplastida,Chloroplastida,Trebouxiophyceae
Eremosphaera_viridis,Eukaryota,Archaeplastida,Chloroplastida,Trebouxiophyceae
Ettlia_oleoabundans,Eukaryota,Archaeplastida,Chloroplastida,Chlorophyceae
Ettlia_sp_YC001,Eukaryota,Archaeplastida,Chloroplastida,Chlorophyceae
Eudorina_cylindrica,Eukaryota,Archaeplastida,Chloroplastida,Chlorophyceae
Eudorina_elegans,Eukaryota,Archaeplastida,Chloroplastida,Chlorophyceae
Eudorina_minodii,Eukaryota,Archaeplastida,Chloroplastida,Chlorophyceae
Eudorina_peripheralis,Eukaryota,Archaeplastida,Chloroplastida,Chlorophyceae
Eudorina_unicocca,Eukaryota,Archaeplastida,Chloroplastida,Chlorophyceae
Flechtneria_rotunda,Eukaryota,Archaeplastida,Chloroplastida,Chlorophyceae
Floydiella_terrestris,Eukaryota,Archaeplastida,Chloroplastida,Chlorophyceae
Follicularia_botryoides,Eukaryota,Archaeplastida,Chloroplastida,Chlorophyceae
Fritschiella_tuberosa,Eukaryota,Archaeplastida,Chloroplastida,Chlorophyceae
Fusola_viridis,Eukaryota,Archaeplastida,Chloroplastida,Chlorophyceae
Geminella_sp,Eukaryota,Archaeplastida,Chloroplastida,Trebouxiophyceae
Glaukea_argentea,Eukaryota,Archaeplastida,Chloroplastida,Ulvophyceae
Gloeomonas_kupfferi,Eukaryota,Archaeplastida,Chloroplastida,Chlorophyceae
Golenkinia_longispicula,Eukaryota,Archaeplastida,Chloroplastida,Chlorophyceae
Gonium_multicoccum,Eukaryota,Archaeplastida,Chloroplastida,Chlorophyceae
Gonium_octonarium,Eukaryota,Archaeplastida,Chloroplastida,Chlorophyceae
Gonium_pectorale,Eukaryota,Archaeplastida,Chloroplastida,Chlorophyceae
Gonium_quadratum,Eukaryota,Archaeplastida,Chloroplastida,Chlorophyceae
Gonium_viridistellatum,Eukaryota,Archaeplastida,Chloroplastida,Chlorophyceae
Graesiella_emersonii,Eukaryota,Archaeplastida,Chloroplastida,Trebouxiophyceae
Haematococcus_lacustris,Eukaryota,Archaeplastida,Chloroplastida,Chlorophyceae
Haematococcus_sp_CW316,Eukaryota,Archaeplastida,Chloroplastida,Chlorophyceae
Hafniomonas_reticulata,Eukaryota,Archaeplastida,Chloroplastida,Chlorophyceae
Halimeda_borneensis,Eukaryota,Archaeplastida,Chloroplastida,Ulvophyceae
Halimeda_cylindracea,Eukaryota,Archaeplastida,Chloroplastida,Ulvophyceae
Halimeda_opuntia,Eukaryota,Archaeplastida,Chloroplastida,Ulvophyceae
Halochlorella_rubescens,Eukaryota,Archaeplastida,Chloroplastida,Chlorophyceae
Halochlorococcum_marinum,Eukaryota,Archaeplastida,Chloroplastida,Ulvophyceae
Halofilum_salinum,Bacteria,Pseudomonadati,Pseudomonadota,Gammaproteobacteria
Hariotina_reticulata,Eukaryota,Archaeplastida,Chloroplastida,Chlorophyceae
Hazenia_basiliensis,Eukaryota,Archaeplastida,Chloroplastida,Ulvophyceae
Hegewaldia_parvula,Eukaryota,Archaeplastida,Chloroplastida,Trebouxiophyceae
Helicosporidium_sp,Eukaryota,Archaeplastida,Chloroplastida,Trebouxiophyceae
Heterochlamydomonas_inaequalis,Eukaryota,Archaeplastida,Chloroplastida,Chlorophyceae
Hormotilopsis_gelatinosa,Eukaryota,Archaeplastida,Chloroplastida,Chlorophyceae
Hydrodictyon_reticulatum,Eukaryota,Archaeplastida,Chloroplastida,Chlorophyceae
Ignatius_tetrasporus,Eukaryota,Archaeplastida,Chloroplastida,Ulvophyceae
Lemmermannia_tetrapedia,Eukaryota,Archaeplastida,Chloroplastida,Trebouxiophyceae
Leontynka_elongata,Eukaryota,Archaeplastida,Chloroplastida,Chlorophyceae
Leontynka_pallida,Eukaryota,Archaeplastida,Chloroplastida,Chlorophyceae
Leptosira_obovata,Eukaryota,Archaeplastida,Chloroplastida,Trebouxiophyceae
Lobochlamys_segnis,Eukaryota,Archaeplastida,Chloroplastida,Chlorophyceae
Lobomonas_rostrata,Eukaryota,Archaeplastida,Chloroplastida,Chlorophyceae
Lobosphaera_incisa,Eukaryota,Archaeplastida,Chloroplastida,Trebouxiophyceae
Makinoella_tosaensis,Eukaryota,Archaeplastida,Chloroplastida,Trebouxiophyceae
Mantoniella_antarctica,Eukaryota,Archaeplastida,Chloroplastida,Mamiellales
Mantoniella_squamata,Eukaryota,Archaeplastida,Chloroplastida,Mamiellales
Massjukichlorella_sp,Eukaryota,Archaeplastida,Chloroplastida,Trebouxiophyceae
Medakamo_hakoo,Eukaryota,Archaeplastida,Chloroplastida,Trebouxiophyceae
Messastrum_gracile,Eukaryota,Archaeplastida,Chloroplastida,Chlorophyceae
Micractinium_conductrix,Eukaryota,Archaeplastida,Chloroplastida,Trebouxiophyceae
Micractinium_pusillum,Eukaryota,Archaeplastida,Chloroplastida,Trebouxiophyceae
Micractinium_tetrahymenae,Eukaryota,Archaeplastida,Chloroplastida,Trebouxiophyceae
Microglena_coccifera,Eukaryota,Archaeplastida,Chloroplastida,Chlorophyceae
Microglena_sp_YARC,Eukaryota,Archaeplastida,Chloroplastida,Chlorophyceae
Micromonas_commoda,Eukaryota,Archaeplastida,Chloroplastida,Mamiellales
Micromonas_polaris,Eukaryota,Archaeplastida,Chloroplastida,Mamiellales
Micromonas_sp_CCMP2099,Eukaryota,Archaeplastida,Chloroplastida,Mamiellales
Microspora_sp,Eukaryota,Archaeplastida,Chloroplastida,Chlorophyceae
Microthamnion_kuetzingianum,Eukaryota,Archaeplastida,Chloroplastida,Trebouxiophyceae
Monomastix_opisthostigma,Eukaryota,Archaeplastida,Chloroplastida,Monomastigales
Monoraphidium_griffithi,Eukaryota,Archaeplastida,Chloroplastida,Chlorophyceae
Monoraphidium_minutum,Eukaryota,Archaeplastida,Chloroplastida,Chlorophyceae
Monoraphidium_neglectum,Eukaryota,Archaeplastida,Chloroplastida,Chlorophyceae
Mucidosphaerium_pulchellum,Eukaryota,Archaeplastida,Chloroplastida,Trebouxiophyceae
Myrmecia_biatorellae,Eukaryota,Archaeplastida,Chloroplastida,Trebouxiophyceae
Myrmecia_bisecta,Eukaryota,Archaeplastida,Chloroplastida,Trebouxiophyceae
Neglectella_peisonis,Eukaryota,Archaeplastida,Chloroplastida,Trebouxiophyceae
Neglectella_solitaria,Eukaryota,Archaeplastida,Chloroplastida,Trebouxiophyceae
Neochloris_aquatica,Eukaryota,Archaeplastida,Chloroplastida,Chlorophyceae
Neochlorosarcina_sp,Eukaryota,Archaeplastida,Chloroplastida,Chlorophyceae
Neodesmus_danubialis,Eukaryota,Archaeplastida,Chloroplastida,Chlorophyceae
Neodesmus_pupukensis,Eukaryota,Archaeplastida,Chloroplastida,Chlorophyceae
Neomeris_dumetosa,Eukaryota,Archaeplastida,Chloroplastida,Ulvophyceae
Neomeris_sp,Eukaryota,Archaeplastida,Chloroplastida,Ulvophyceae
Nephrocytium_agardhianum,Eukaryota,Archaeplastida,Chloroplastida,Chlorophyceae
Nephroselmis_olivacea,Eukaryota,Archaeplastida,Chloroplastida,Nephroselmidales
Nephroselmis_pyriformis,Eukaryota,Archaeplastida,Chloroplastida,Nephroselmidales
Oedocladium_carolinianum,Eukaryota,Archaeplastida,Chloroplastida,Chlorophyceae
Oedocladium_prescottii,Eukaryota,Archaeplastida,Chloroplastida,Chlorophyceae
Oedogonium_capilliforme,Eukaryota,Archaeplastida,Chloroplastida,Chlorophyceae
Oedogonium_cardiacum,Eukaryota,Archaeplastida,Chloroplastida,Chlorophyceae
Oedogonium_crispum,Eukaryota,Archaeplastida,Chloroplastida,Chlorophyceae
Oedogonium_dentireticulatum,Eukaryota,Archaeplastida,Chloroplastida,Chlorophyceae
Oedogonium_foveolatum,Eukaryota,Archaeplastida,Chloroplastida,Chlorophyceae
Okellya_marina,Eukaryota,Archaeplastida,Chloroplastida,Ulvophyceae
Oltmannsiellopsis_unicellularis,Eukaryota,Archaeplastida,Chloroplastida,Ulvophyceae
Oltmannsiellopsis_viridis,Eukaryota,Archaeplastida,Chloroplastida,Ulvophyceae
Oocystis_borgei,Eukaryota,Archaeplastida,Chloroplastida,Trebouxiophyceae
Oocystis_marina,Eukaryota,Archaeplastida,Chloroplastida,Trebouxiophyceae
Oocystis_parva,Eukaryota,Archaeplastida,Chloroplastida,Trebouxiophyceae
Oocystis_polymorpha,Eukaryota,Archaeplastida,Chloroplastida,Trebouxiophyceae
Oogamochlamys_gigantea,Eukaryota,Archaeplastida,Chloroplastida,Chlorophyceae
Oophila_amblystomatis,Eukaryota,Archaeplastida,Chloroplastida,Chlorophyceae
Oophila_sp,Eukaryota,Archaeplastida,Chloroplastida,Chlorophyceae
Ostreobium_quekettii,Eukaryota,Archaeplastida,Chloroplastida,Ulvophyceae
Ostreococcus_mediterraneus,Eukaryota,Archaeplastida,Chloroplastida,Mamiellales
Ostreococcus_sp_lucimarinus,Eukaryota,Archaeplastida,Chloroplastida,Mamiellales
Ostreococcus_sp_RCC809,Eukaryota,Archaeplastida,Chloroplastida,Mamiellales
Ostreococcus_tauri,Eukaryota,Archaeplastida,Chloroplastida,Mamiellales
Pandorina_colemaniae,Eukaryota,Archaeplastida,Chloroplastida,Chlorophyceae
Pandorina_morum,Eukaryota,Archaeplastida,Chloroplastida,Chlorophyceae
Parachlorella_kessleri,Eukaryota,Archaeplastida,Chloroplastida,Trebouxiophyceae
Paulbroadya_petersii,Eukaryota,Archaeplastida,Chloroplastida,Ulvophyceae
Paulbroadya_prostrata,Eukaryota,Archaeplastida,Chloroplastida,Ulvophyceae
Pectinodesmus_holtmannii,Eukaryota,Archaeplastida,Chloroplastida,Chlorophyceae
Pectinodesmus_pectinatus,Eukaryota,Archaeplastida,Chloroplastida,Chlorophyceae
Pediastrum_duplex,Eukaryota,Archaeplastida,Chloroplastida,Chlorophyceae
Pedinomonas_minor,Eukaryota,Archaeplastida,Chloroplastida,Pedinophyceae
Pedinomonas_tuberculata,Eukaryota,Archaeplastida,Chloroplastida,Pedinophyceae
Pedinophyceae_sp,Eukaryota,Archaeplastida,Chloroplastida,Pedinophyceae
Penicillus_capitatus,Eukaryota,Archaeplastida,Chloroplastida,Ulvophyceae
Penicillus_lamourouxii,Eukaryota,Archaeplastida,Chloroplastida,Ulvophyceae
Percursaria_percursa,Eukaryota,Archaeplastida,Chloroplastida,Ulvophyceae
Phacotus_lenticularis,Eukaryota,Archaeplastida,Chloroplastida,Chlorophyceae
Phaeophila_dendroides,Eukaryota,Archaeplastida,Chloroplastida,Ulvophyceae
Phyllosiphon_yunnanesis,Eukaryota,Archaeplastida,Chloroplastida,Trebouxiophyceae
Picochlorum_atomus,Eukaryota,Archaeplastida,Chloroplastida,Trebouxiophyceae
Picochlorum_costavermella,Eukaryota,Archaeplastida,Chloroplastida,Trebouxiophyceae
Picochlorum_oklahomense,Eukaryota,Archaeplastida,Chloroplastida,Trebouxiophyceae
Picocystis_salinarum,Eukaryota,Archaeplastida,Chloroplastida,Picocystales
Pithophora_roettleri,Eukaryota,Archaeplastida,Chloroplastida,Ulvophyceae
Planophila_laetevirens,Eukaryota,Archaeplastida,Chloroplastida,Ulvophyceae
Platydorina_caudata,Eukaryota,Archaeplastida,Chloroplastida,Chlorophyceae
Pleodorina_illinoisensis,Eukaryota,Archaeplastida,Chloroplastida,Chlorophyceae
Pleodorina_indica,Eukaryota,Archaeplastida,Chloroplastida,Chlorophyceae
Pleodorina_japonica,Eukaryota,Archaeplastida,Chloroplastida,Chlorophyceae
Pleodorina_starrii,Eukaryota,Archaeplastida,Chloroplastida,Chlorophyceae
Pleodorina_thompsonii,Eukaryota,Archaeplastida,Chloroplastida,Chlorophyceae
Polulichloris_maxima,Eukaryota,Archaeplastida,Chloroplastida,Trebouxiophyceae
Polyblepharides_amylifera,Eukaryota,Archaeplastida,Chloroplastida,Pyramimonadales
Polytomella_capuana,Eukaryota,Archaeplastida,Chloroplastida,Chlorophyceae
Polytomella_magna,Eukaryota,Archaeplastida,Chloroplastida,Chlorophyceae
Polytomella_parva,Eukaryota,Archaeplastida,Chloroplastida,Chlorophyceae
Polytomella_piriformis,Eukaryota,Archaeplastida,Chloroplastida,Chlorophyceae
Prasiola_crispa,Eukaryota,Archaeplastida,Chloroplastida,Trebouxiophyceae
Prasiolopsis_wulf_kochii,Eukaryota,Archaeplastida,Chloroplastida,Trebouxiophyceae
Protoeuglena_noctilucae,Eukaryota,Archaeplastida,Chloroplastida,Pedinophyceae
Protosiphonaceae_sp_NIES_2501,Eukaryota,Archaeplastida,Chloroplastida,Chlorophyceae
Prototheca_ciferrii,Eukaryota,Archaeplastida,Chloroplastida,Trebouxiophyceae
Prototheca_wickerhamii,Eukaryota,Archaeplastida,Chloroplastida,Trebouxiophyceae
Prototheca_zopfii,Eukaryota,Archaeplastida,Chloroplastida,Trebouxiophyceae
Pseudochlorella_pringsheimii,Eukaryota,Archaeplastida,Chloroplastida,Trebouxiophyceae
Pseudochloris_wilhelmii,Eukaryota,Archaeplastida,Chloroplastida,Trebouxiophyceae
Pseudochlorodesmis_sp,Eukaryota,Archaeplastida,Chloroplastida,Ulvophyceae
Pseudococcomyxa_simplex,Eukaryota,Archaeplastida,Chloroplastida,Trebouxiophyceae
Pseudoderbesia_sp,Eukaryota,Archaeplastida,Chloroplastida,Ulvophyceae
Pseudopediastrum_boryanum,Eukaryota,Archaeplastida,Chloroplastida,Chlorophyceae
Pseudoscourfieldia_marina,Eukaryota,Archaeplastida,Chloroplastida,Pseudoscourfieldiales
Pteromonas_angulosa,Eukaryota,Archaeplastida,Chloroplastida,Chlorophyceae
Pteromonas_sp_CCAC_2761_B,Eukaryota,Archaeplastida,Chloroplastida,Chlorophyceae
Pterosperma_cristatum,Eukaryota,Archaeplastida,Chloroplastida,Pyramimonadales
Pycnococcus_provasolii,Eukaryota,Archaeplastida,Chloroplastida,Pseudoscourfieldiales
Pyramimonas_obovata,Eukaryota,Archaeplastida,Chloroplastida,Pyramimonadales
Pyramimonas_parkeae,Eukaryota,Archaeplastida,Chloroplastida,Pyramimonadales
Pyramimonas_sp,Eukaryota,Archaeplastida,Chloroplastida,Pyramimonadales
Pyramimonas_tychotreta,Eukaryota,Archaeplastida,Chloroplastida,Pyramimonadales
Quadrigula_closterioides,Eukaryota,Archaeplastida,Chloroplastida,Chlorophyceae
Radiococcus_polycoccus,Eukaryota,Archaeplastida,Chloroplastida,Chlorophyceae
Raphidocelis_subcapitata,Eukaryota,Archaeplastida,Chloroplastida,Chlorophyceae
Rhexinema_paucicellulare,Eukaryota,Archaeplastida,Chloroplastida,Ulvophyceae
Rhexinema_planctonicum,Eukaryota,Archaeplastida,Chloroplastida,Ulvophyceae
Sanguina_aurantia,Eukaryota,Archaeplastida,Chloroplastida,Chlorophyceae
Scenedesmus_acutus,Eukaryota,Archaeplastida,Chloroplastida,Chlorophyceae
Scenedesmus_bijugus,Eukaryota,Archaeplastida,Chloroplastida,Chlorophyceae
Scenedesmus_ecornis,Eukaryota,Archaeplastida,Chloroplastida,Chlorophyceae
Scenedesmus_hindakii,Eukaryota,Archaeplastida,Chloroplastida,Chlorophyceae
Scenedesmus_obtusus,Eukaryota,Archaeplastida,Chloroplastida,Chlorophyceae
Scenedesmus_producto_capitatus,Eukaryota,Archaeplastida,Chloroplastida,Chlorophyceae
Scenedesmus_quadricauda,Eukaryota,Archaeplastida,Chloroplastida,Chlorophyceae
Scenedesmus_vacuolatus,Eukaryota,Archaeplastida,Chloroplastida,Chlorophyceae
Scherffelia_dubia,Eukaryota,Archaeplastida,Chloroplastida,Chlorodendrophyceae
Schizomeris_leibleinii,Eukaryota,Archaeplastida,Chloroplastida,Chlorophyceae
Scotinosphaera_austriaca,Eukaryota,Archaeplastida,Chloroplastida,Ulvophyceae
Scotinosphaera_lemnae,Eukaryota,Archaeplastida,Chloroplastida,Ulvophyceae
Scourfieldia_sp,Eukaryota,Archaeplastida,Chloroplastida,Pedinophyceae
Selenastrum_capricornutum,Eukaryota,Archaeplastida,Chloroplastida,Chlorophyceae
Spermatozopsis_exsultans,Eukaryota,Archaeplastida,Chloroplastida,Chlorophyceae
Spermatozopsis_similis,Eukaryota,Archaeplastida,Chloroplastida,Chlorophyceae
Sphaerocystis_schroeteri,Eukaryota,Archaeplastida,Chloroplastida,Chlorophyceae
Sphaerocystis_sp_CCCryo_101_99,Eukaryota,Archaeplastida,Chloroplastida,Chlorophyceae
Stauridium_tetras,Eukaryota,Archaeplastida,Chloroplastida,Chlorophyceae
Staurocarteria_cerasiformis,Eukaryota,Archaeplastida,Chloroplastida,Chlorophyceae
Staurocarteria_crucifera,Eukaryota,Archaeplastida,Chloroplastida,Chlorophyceae
Stephanosphaera_pluvialis,Eukaryota,Archaeplastida,Chloroplastida,Chlorophyceae
Stichococcus_bacillaris,Eukaryota,Archaeplastida,Chloroplastida,Trebouxiophyceae
Stigeoclonium_amoenum,Eukaryota,Archaeplastida,Chloroplastida,Chlorophyceae
Stigeoclonium_subsecundum,Eukaryota,Archaeplastida,Chloroplastida,Chlorophyceae
Stigeoclonium_variabile,Eukaryota,Archaeplastida,Chloroplastida,Chlorophyceae
Sykidion_marinum,Eukaryota,Archaeplastida,Chloroplastida,Ulvophyceae
Symbiochloris_irregularis,Eukaryota,Archaeplastida,Chloroplastida,Trebouxiophyceae
Symbiochlorum_hainanensis,Eukaryota,Archaeplastida,Chloroplastida,Ulvophyceae
Tetrabaena_socialis,Eukaryota,Archaeplastida,Chloroplastida,Chlorophyceae
Tetradesmus_bernardii,Eukaryota,Archaeplastida,Chloroplastida,Chlorophyceae
Tetradesmus_deserticola,Eukaryota,Archaeplastida,Chloroplastida,Chlorophyceae
Tetradesmus_dimorphus,Eukaryota,Archaeplastida,Chloroplastida,Chlorophyceae
Tetradesmus_distendus,Eukaryota,Archaeplastida,Chloroplastida,Chlorophyceae
Tetradesmus_lagerheimii,Eukaryota,Archaeplastida,Chloroplastida,Chlorophyceae
Tetradesmus_obliquus,Eukaryota,Archaeplastida,Chloroplastida,Chlorophyceae
Tetradesmus_wisconsinensis,Eukaryota,Archaeplastida,Chloroplastida,Chlorophyceae
Tetraedron_minimum,Eukaryota,Archaeplastida,Chloroplastida,Chlorophyceae
Tetraselmis_astigmatica,Eukaryota,Archaeplastida,Chloroplastida,Chlorodendrophyceae
Tetraselmis_chui,Eukaryota,Archaeplastida,Chloroplastida,Chlorodendrophyceae
Tetraselmis_convolutae,Eukaryota,Archaeplastida,Chloroplastida,Chlorodendrophyceae
Tetraselmis_cordiformis,Eukaryota,Archaeplastida,Chloroplastida,Chlorodendrophyceae
Tetraselmis_helgolandica,Eukaryota,Archaeplastida,Chloroplastida,Chlorodendrophyceae
Tetraselmis_striata,Eukaryota,Archaeplastida,Chloroplastida,Chlorodendrophyceae
Tetraselmis_subcordiformis,Eukaryota,Archaeplastida,Chloroplastida,Chlorodendrophyceae
Tetraselmis_suecica,Eukaryota,Archaeplastida,Chloroplastida,Chlorodendrophyceae
Tetrastrum_heteracanthum,Eukaryota,Archaeplastida,Chloroplastida,Trebouxiophyceae
Trebouxia_aggregata,Eukaryota,Archaeplastida,Chloroplastida,Trebouxiophyceae
Trebouxia_arboricola,Eukaryota,Archaeplastida,Chloroplastida,Trebouxiophyceae
Trebouxia_gelatinosa,Eukaryota,Archaeplastida,Chloroplastida,Trebouxiophyceae
Trebouxia_lynnae,Eukaryota,Archaeplastida,Chloroplastida,Trebouxiophyceae
Trentepohlia_annulata,Eukaryota,Archaeplastida,Chloroplastida,Ulvophyceae
Trentepohlia_jolithus,Eukaryota,Archaeplastida,Chloroplastida,Ulvophyceae
Udotea_flabellum,Eukaryota,Archaeplastida,Chloroplastida,Ulvophyceae
Ulothrix_subflaccida,Eukaryota,Archaeplastida,Chloroplastida,Ulvophyceae
Ulva_compressa,Eukaryota,Archaeplastida,Chloroplastida,Ulvophyceae
Ulva_flexuosa,Eukaryota,Archaeplastida,Chloroplastida,Ulvophyceae
Ulva_lactuca,Eukaryota,Archaeplastida,Chloroplastida,Ulvophyceae
Ulva_linza,Eukaryota,Archaeplastida,Chloroplastida,Ulvophyceae
Ulva_mutabilis,Eukaryota,Archaeplastida,Chloroplastida,Ulvophyceae
Ulva_pertusa,Eukaryota,Archaeplastida,Chloroplastida,Ulvophyceae
Ulva_prolifera,Eukaryota,Archaeplastida,Chloroplastida,Ulvophyceae
Ulvales_sp,Eukaryota,Archaeplastida,Chloroplastida,Ulvophyceae
Ulvella_endozoica,Eukaryota,Archaeplastida,Chloroplastida,Ulvophyceae
Uronema_belkiae,Eukaryota,Archaeplastida,Chloroplastida,Chlorophyceae
Uronema_confervicola,Eukaryota,Archaeplastida,Chloroplastida,Chlorophyceae
Uronema_sp,Eukaryota,Archaeplastida,Chloroplastida,Chlorophyceae
Verrucodesmus_verrucosus,Eukaryota,Archaeplastida,Chloroplastida,Chlorophyceae
Vitreochlamys_nekrassovii,Eukaryota,Archaeplastida,Chloroplastida,Chlorophyceae
Vitreochlamys_ordinata,Eukaryota,Archaeplastida,Chloroplastida,Chlorophyceae
Vitreochlamys_pringsheimii,Eukaryota,Archaeplastida,Chloroplastida,Chlorophyceae
Volvox_africanus,Eukaryota,Archaeplastida,Chloroplastida,Chlorophyceae
Volvox_aureus,Eukaryota,Archaeplastida,Chloroplastida,Chlorophyceae
Volvox_barberi,Eukaryota,Archaeplastida,Chloroplastida,Chlorophyceae
Volvox_carteri,Eukaryota,Archaeplastida,Chloroplastida,Chlorophyceae
Volvox_dissipatrix,Eukaryota,Archaeplastida,Chloroplastida,Chlorophyceae
Volvox_ferrisii,Eukaryota,Archaeplastida,Chloroplastida,Chlorophyceae
Volvox_gigas,Eukaryota,Archaeplastida,Chloroplastida,Chlorophyceae
Volvox_globator,Eukaryota,Archaeplastida,Chloroplastida,Chlorophyceae
Volvox_kirkiorum,Eukaryota,Archaeplastida,Chloroplastida,Chlorophyceae
Volvox_obversus,Eukaryota,Archaeplastida,Chloroplastida,Chlorophyceae
Volvox_ovalis,Eukaryota,Archaeplastida,Chloroplastida,Chlorophyceae
Volvox_powersii,Eukaryota,Archaeplastida,Chloroplastida,Chlorophyceae
Volvox_reticuliferus,Eukaryota,Archaeplastida,Chloroplastida,Chlorophyceae
Volvox_tertius,Eukaryota,Archaeplastida,Chloroplastida,Chlorophyceae
Volvulina_boldii,Eukaryota,Archaeplastida,Chloroplastida,Chlorophyceae
Volvulina_compacta,Eukaryota,Archaeplastida,Chloroplastida,Chlorophyceae
Volvulina_steinii,Eukaryota,Archaeplastida,Chloroplastida,Chlorophyceae
Watanabea_reniformis,Eukaryota,Archaeplastida,Chloroplastida,Trebouxiophyceae
Yamagishiella_unicocca,Eukaryota,Archaeplastida,Chloroplastida,Chlorophyceae
Cyanophora_paradoxa,Eukaryota,Glaucocystophyceae,Cyanophorales,Cyanophoraceae
Cyanophora_sudae,Eukaryota,Glaucocystophyceae,Cyanophorales,Cyanophoraceae
Cyanoptyche_gloeocystis,Eukaryota,Glaucocystophyceae,Glaucocystophyceae incertae sedis,Cyanoptyche
Glaucocystis_cf_nostochinearum,Eukaryota,Glaucocystophyceae,Glaucocystales,Glaucocystaceae
Gloeochaete_wittrockiana,Eukaryota,Glaucocystophyceae,Gloeochaetales,Gloeochaetaceae
Prasinococcus_capsulatus,Eukaryota,Archaeplastida,Chloroplastida,Prasinococcales
Prasinoderma_coloniale,Eukaryota,Archaeplastida,Chloroplastida,Prasinodermales
Prasinoderma_singularis,Eukaryota,Archaeplastida,Chloroplastida,Prasinodermales
Rhodelphis_limneticus,Eukaryota,Archaeplastida,Rhodelphea,Rhodelphida
Rhodelphis_marinus,Eukaryota,Archaeplastida,Rhodelphea,Rhodelphida
Acrochaetiales_sp,Eukaryota,Archaeplastida,Rhodophyta,Acrochaetiales
Acrochaetium_humile,Eukaryota,Archaeplastida,Rhodophyta,Acrochaetiales
Acrochaetium_luxurians,Eukaryota,Archaeplastida,Rhodophyta,Acrochaetiales
Acrochaetium_secundatum,Eukaryota,Archaeplastida,Rhodophyta,Acrochaetiales
Agarophyton_chilense,Eukaryota,Archaeplastida,Rhodophyta,Gracilariales
Amphiroa_fragilissima,Eukaryota,Archaeplastida,Rhodophyta,Corallinales
Asparagopsis_armata,Eukaryota,Archaeplastida,Rhodophyta,Bonnemaisoniales
Asparagopsis_taxiformis,Eukaryota,Archaeplastida,Rhodophyta,Bonnemaisoniales
Audouinella_sp,Eukaryota,Archaeplastida,Rhodophyta,Acrochaetiales
Bangia_fuscopurpurea,Eukaryota,Archaeplastida,Rhodophyta,Bangiaceae
Betaphycus_philippinensis,Eukaryota,Archaeplastida,Rhodophyta,Gigartinales
Bostrychia_moritziana,Eukaryota,Archaeplastida,Rhodophyta,Ceramiales
Calliarthron_tuberculosum,Eukaryota,Archaeplastida,Rhodophyta,Corallinales
Camontagnea_oxyclada,Eukaryota,Archaeplastida,Rhodophyta,Palmariales
Campylaephora_kondoi,Eukaryota,Archaeplastida,Rhodophyta,Ceramiales
Chondrus_crispus,Eukaryota,Archaeplastida,Rhodophyta,Gigartinales
Chroodactylon_ornatum,Eukaryota,Archaeplastida,Rhodophyta,Stylonemataceae
Compsopogon_caeruleus,Eukaryota,Archaeplastida,Rhodophyta,Compsopogonaceae
Cyanidiococcus_yangmingshanensis,Eukaryota,Archaeplastida,Rhodophyta,Cyanidiaceae
Cyanidioschyzon_merolae,Eukaryota,Archaeplastida,Rhodophyta,Cyanidiaceae
Cyanidium_caldarium,Eukaryota,Archaeplastida,Rhodophyta,Cyanidiaceae
Delisea_pulchra,Eukaryota,Archaeplastida,Rhodophyta,Bonnemaisoniales
Devaleraea_mollis,Eukaryota,Archaeplastida,Rhodophyta,Palmariales
Devaleraea_ramentacea,Eukaryota,Archaeplastida,Rhodophyta,Palmariales
Dixoniella_grisea,Eukaryota,Archaeplastida,Rhodophyta,Porphyridiaceae
Dumontia_simplex,Eukaryota,Archaeplastida,Rhodophyta,Gigartinales
Erythrolobus_australicus,Eukaryota,Archaeplastida,Rhodophyta,Porphyridiaceae
Erythrolobus_madagascarensis,Eukaryota,Archaeplastida,Rhodophyta,Porphyridiaceae
Eucheuma_denticulatum,Eukaryota,Archaeplastida,Rhodophyta,Gigartinales
Galdieria_partita,Eukaryota,Archaeplastida,Rhodophyta,Galdieriaceae
Galdieria_sulphuraria,Eukaryota,Archaeplastida,Rhodophyta,Galdieriaceae
Galdieria_yellowstonensis,Eukaryota,Archaeplastida,Rhodophyta,Galdieriaceae
Glaucosphaera_vacuolata,Eukaryota,Archaeplastida,Rhodophyta,Glaucosphaeraceae
Gloiopeltis_furcata,Eukaryota,Archaeplastida,Rhodophyta,Gigartinales
Gracilaria_blodgettii,Eukaryota,Archaeplastida,Rhodophyta,Gracilariales
Gracilaria_caudata,Eukaryota,Archaeplastida,Rhodophyta,Gracilariales
Gracilaria_chouae,Eukaryota,Archaeplastida,Rhodophyta,Gracilariales
Gracilaria_domingensis,Eukaryota,Archaeplastida,Rhodophyta,Gracilariales
Gracilaria_firma,Eukaryota,Archaeplastida,Rhodophyta,Gracilariales
Gracilaria_gracilis,Eukaryota,Archaeplastida,Rhodophyta,Gracilariales
Gracilaria_salicornia,Eukaryota,Archaeplastida,Rhodophyta,Gracilariales
Gracilaria_sp,Eukaryota,Archaeplastida,Rhodophyta,Gracilariales
Gracilaria_vermiculophylla,Eukaryota,Archaeplastida,Rhodophyta,Gracilariales
Gracilariopsis_chorda,Eukaryota,Archaeplastida,Rhodophyta,Gracilariales
Gracilariopsis_heteroclada,Eukaryota,Archaeplastida,Rhodophyta,Gracilariales
Gracilariopsis_lemaneiformis,Eukaryota,Archaeplastida,Rhodophyta,Gracilariales
Gracilariopsis_tenuifrons,Eukaryota,Archaeplastida,Rhodophyta,Gracilariales
Grania_efflorescens,Eukaryota,Archaeplastida,Rhodophyta,Acrochaetiales
Grateloupia_catenata,Eukaryota,Archaeplastida,Rhodophyta,Halymeniales
Grateloupia_filicina,Eukaryota,Archaeplastida,Rhodophyta,Halymeniales
Grateloupia_livida,Eukaryota,Archaeplastida,Rhodophyta,Halymeniales
Grateloupia_turuturu,Eukaryota,Archaeplastida,Rhodophyta,Halymeniales
Gymnogongrus_flabelliformis,Eukaryota,Archaeplastida,Rhodophyta,Gigartinales
Heterosiphonia_pulchra,Eukaryota,Archaeplastida,Rhodophyta,Ceramiales
Hydrolithon_reinboldii,Eukaryota,Archaeplastida,Rhodophyta,Corallinales
Kappaphycus_alvarezii,Eukaryota,Archaeplastida,Rhodophyta,Gigartinales
Kappaphycus_striatus,Eukaryota,Archaeplastida,Rhodophyta,Gigartinales
Laurencia_dendroidea,Eukaryota,Archaeplastida,Rhodophyta,Ceramiales
Laurencia_pacifica,Eukaryota,Archaeplastida,Rhodophyta,Ceramiales
Lithophyllum_sp,Eukaryota,Archaeplastida,Rhodophyta,Corallinales
Lithophyllum_stictiforme_cabiochiae,Eukaryota,Archaeplastida,Rhodophyta,Corallinales
Lithothamnion_proliferum,Eukaryota,Archaeplastida,Rhodophyta,Hapalidiales
Mazzaella_japonica,Eukaryota,Archaeplastida,Rhodophyta,Gigartinales
Meiodiscus_spetsbergensis,Eukaryota,Archaeplastida,Rhodophyta,Palmariales
Melanothamnus_japonicus,Eukaryota,Archaeplastida,Rhodophyta,Ceramiales
Neoporphyra_haitanensis,Eukaryota,Archaeplastida,Rhodophyta,Bangiaceae
Neoporphyra_sp_WOLL4d,Eukaryota,Archaeplastida,Rhodophyta,Bangiaceae
Palisada_intermedia,Eukaryota,Archaeplastida,Rhodophyta,Ceramiales
Palmaria_hecatensis,Eukaryota,Archaeplastida,Rhodophyta,Palmariales
Palmaria_palmata,Eukaryota,Archaeplastida,Rhodophyta,Palmariales
Porolithon_cf_onkodes,Eukaryota,Archaeplastida,Rhodophyta,Corallinales
Porolithon_sp,Eukaryota,Archaeplastida,Rhodophyta,Corallinales
Porphyra_dioica,Eukaryota,Archaeplastida,Rhodophyta,Bangiaceae
Porphyra_linearis,Eukaryota,Archaeplastida,Rhodophyta,Bangiaceae
Porphyra_umbilicalis,Eukaryota,Archaeplastida,Rhodophyta,Bangiaceae
Porphyridium_aerugineum,Eukaryota,Archaeplastida,Rhodophyta,Porphyridiaceae
Porphyridium_cruentum,Eukaryota,Archaeplastida,Rhodophyta,Porphyridiaceae
Porphyridium_purpureum,Eukaryota,Archaeplastida,Rhodophyta,Porphyridiaceae
Porphyridium_sordidum,Eukaryota,Archaeplastida,Rhodophyta,Porphyridiaceae
Portieria_hornemannii,Eukaryota,Archaeplastida,Rhodophyta,Gigartinales
Pyropia_acanthophora,Eukaryota,Archaeplastida,Rhodophyta,Bangiaceae
Pyropia_haitanensis,Eukaryota,Archaeplastida,Rhodophyta,Bangiaceae
Pyropia_retorta,Eukaryota,Archaeplastida,Rhodophyta,Bangiaceae
Pyropia_tenera,Eukaryota,Archaeplastida,Rhodophyta,Bangiaceae
Pyropia_vietnamensis,Eukaryota,Archaeplastida,Rhodophyta,Bangiaceae
Pyropia_yezoensis,Eukaryota,Archaeplastida,Rhodophyta,Bangiaceae
Rhodella_maculata,Eukaryota,Archaeplastida,Rhodophyta,Rhodellaceae
Rhodella_violacea,Eukaryota,Archaeplastida,Rhodophyta,Rhodellaceae
Rhodochaete_parvula,Eukaryota,Archaeplastida,Rhodophyta,Rhodochaetaceae
Rhodochorton_purpureum,Eukaryota,Archaeplastida,Rhodophyta,Acrochaetiales
Rhodochorton_sp,Eukaryota,Archaeplastida,Rhodophyta,Acrochaetiales
Rhodonematella_subimmersa,Eukaryota,Archaeplastida,Rhodophyta,Palmariales
Rhodophysema_elegans,Eukaryota,Archaeplastida,Rhodophyta,Palmariales
Rhodosorus_marinus,Eukaryota,Archaeplastida,Rhodophyta,Stylonemataceae
Rhodothamniella_floridula,Eukaryota,Archaeplastida,Rhodophyta,Palmariales
Rubrointrusa_membranacea,Eukaryota,Archaeplastida,Rhodophyta,Palmariales
Sheathia_arcuata,Eukaryota,Archaeplastida,Rhodophyta,Batrachospermales
Solieria_filiformis,Eukaryota,Archaeplastida,Rhodophyta,Gigartinales
Sporolithon_durum,Eukaryota,Archaeplastida,Rhodophyta,Sporolithales
Sporolithon_sp,Eukaryota,Archaeplastida,Rhodophyta,Sporolithales
Symphyocladia_latiuscula,Eukaryota,Archaeplastida,Rhodophyta,Ceramiales
Thorea_hispida,Eukaryota,Archaeplastida,Rhodophyta,Thoreales
Timspurckia_oligopyrenoides,Eukaryota,Archaeplastida,Rhodophyta,Porphyridiaceae
Virescentia_guangxiensis,Eukaryota,Archaeplastida,Rhodophyta,Batrachospermales
Abies_balsamea,Eukaryota,Archaeplastida,Chloroplastida,Embryophyta
Acorus_calamus,Eukaryota,Archaeplastida,Chloroplastida,Embryophyta
Alsophila_latebrosa,Eukaryota,Archaeplastida,Chloroplastida,Embryophyta
Amborella_trichopoda,Eukaryota,Archaeplastida,Chloroplastida,Embryophyta
Andreaea_rupestris,Eukaryota,Archaeplastida,Chloroplastida,Embryophyta
Angiopteris_evecta,Eukaryota,Archaeplastida,Chloroplastida,Embryophyta
Anthoceros_agrestis,Eukaryota,Archaeplastida,Chloroplastida,Embryophyta
Aponogeton_distachyos,Eukaryota,Archaeplastida,Chloroplastida,Embryophyta
Arabidopsis_thaliana,Eukaryota,Archaeplastida,Chloroplastida,Embryophyta
Aristolochia_californica,Eukaryota,Archaeplastida,Chloroplastida,Embryophyta
Austrobaileya_scandens,Eukaryota,Archaeplastida,Chloroplastida,Embryophyta
Bambusina_borreri,Eukaryota,Archaeplastida,Chloroplastida,Zygnematophyceae
Barbilophozia_barbata,Eukaryota,Archaeplastida,Chloroplastida,Embryophyta
Blasia_pusilla,Eukaryota,Archaeplastida,Chloroplastida,Embryophyta
Botrychium_lunaria,Eukaryota,Archaeplastida,Chloroplastida,Embryophyta
Buxus_sempervirens,Eukaryota,Archaeplastida,Chloroplastida,Embryophyta
Calypogeia_fissa,Eukaryota,Archaeplastida,Chloroplastida,Embryophyta
Ceratodon_purpureus,Eukaryota,Archaeplastida,Chloroplastida,Embryophyta
Ceratophyllum_demersum,Eukaryota,Archaeplastida,Chloroplastida,Embryophyta
Ceratopteris_richardii,Eukaryota,Archaeplastida,Chloroplastida,Embryophyta
Chaetosphaeridium_globosum,Eukaryota,Archaeplastida,Chloroplastida,Coleochaetophyceae
Chaetosphaeridium_pringsheimii,Eukaryota,Archaeplastida,Chloroplastida,Coleochaetophyceae
Chara_australis,Eukaryota,Archaeplastida,Chloroplastida,Charophyceae
Chara_baltica,Eukaryota,Archaeplastida,Chloroplastida,Charophyceae
Chara_braunii,Eukaryota,Archaeplastida,Chloroplastida,Charophyceae
Chara_corallina,Eukaryota,Archaeplastida,Chloroplastida,Charophyceae
Chara_globularis,Eukaryota,Archaeplastida,Chloroplastida,Charophyceae
Chara_tomentosa,Eukaryota,Archaeplastida,Chloroplastida,Charophyceae
Chara_vulgaris,Eukaryota,Archaeplastida,Chloroplastida,Charophyceae
Chlorokybus_atmophyticus,Eukaryota,Archaeplastida,Chloroplastida,Chlorokybales
Closterium_acerosum,Eukaryota,Archaeplastida,Chloroplastida,Zygnematophyceae
Closterium_acutum,Eukaryota,Archaeplastida,Chloroplastida,Zygnematophyceae
Closterium_lunula,Eukaryota,Archaeplastida,Chloroplastida,Zygnematophyceae
Closterium_sp_Yama58_4,Eukaryota,Archaeplastida,Chloroplastida,Zygnematophyceae
Coleochaete_divergens,Eukaryota,Archaeplastida,Chloroplastida,Coleochaetophyceae
Coleochaete_irregularis,Eukaryota,Archaeplastida,Chloroplastida,Coleochaetophyceae
Coleochaete_nitellarum,Eukaryota,Archaeplastida,Chloroplastida,Coleochaetophyceae
Coleochaete_orbicularis,Eukaryota,Archaeplastida,Chloroplastida,Coleochaetophyceae
Coleochaete_scutata,Eukaryota,Archaeplastida,Chloroplastida,Coleochaetophyceae
Coleochaete_sp,Eukaryota,Archaeplastida,Chloroplastida,Coleochaetophyceae
Colocasia_esculenta,Eukaryota,Archaeplastida,Chloroplastida,Embryophyta
Cosmarium_botrytis,Eukaryota,Archaeplastida,Chloroplastida,Zygnematophyceae
Cosmarium_broomei,Eukaryota,Archaeplastida,Chloroplastida,Zygnematophyceae
Cosmarium_crenatum,Eukaryota,Archaeplastida,Chloroplastida,Zygnematophyceae
Cosmarium_granatum,Eukaryota,Archaeplastida,Chloroplastida,Zygnematophyceae
Cosmarium_ochthodes,Eukaryota,Archaeplastida,Chloroplastida,Zygnematophyceae
Cosmarium_subtumidum,Eukaryota,Archaeplastida,Chloroplastida,Zygnematophyceae
Cosmarium_tinctum,Eukaryota,Archaeplastida,Chloroplastida,Zygnematophyceae
Cosmarium_turpinii,Eukaryota,Archaeplastida,Chloroplastida,Zygnematophyceae
Cosmocladium_sp,Eukaryota,Archaeplastida,Chloroplastida,Zygnematophyceae
Cryptomeria_japonica,Eukaryota,Archaeplastida,Chloroplastida,Embryophyta
Cycas_panzhihuaensis,Eukaryota,Archaeplastida,Chloroplastida,Embryophyta
Cylindrocystis_brebissonii,Eukaryota,Archaeplastida,Chloroplastida,Zygnematophyceae
Cylindrocystis_cushleckae,Eukaryota,Archaeplastida,Chloroplastida,Zygnematophyceae
Cylindrocystis_sp_M3015,Eukaryota,Archaeplastida,Chloroplastida,Zygnematophyceae
Dacrydium_pectinatum,Eukaryota,Archaeplastida,Chloroplastida,Embryophyta
Danaea_nodosa,Eukaryota,Archaeplastida,Chloroplastida,Embryophyta
Desmidium_aptogonum,Eukaryota,Archaeplastida,Chloroplastida,Zygnematophyceae
Diphasiastrum_complanatum,Eukaryota,Archaeplastida,Chloroplastida,Embryophyta
Encephalartos_natalensis,Eukaryota,Archaeplastida,Chloroplastida,Embryophyta
Entransia_fimbriata,Eukaryota,Archaeplastida,Chloroplastida,Entransiales
Entransia_sp,Eukaryota,Archaeplastida,Chloroplastida,Entransiales
Ephedra_saxatilis,Eukaryota,Archaeplastida,Chloroplastida,Embryophyta
Equisetum_hyemale,Eukaryota,Archaeplastida,Chloroplastida,Embryophyta
Euastrum_humerosum,Eukaryota,Archaeplastida,Chloroplastida,Zygnematophyceae
Euastrum_pectinatum,Eukaryota,Archaeplastida,Chloroplastida,Zygnematophyceae
Folioceros_fuciformis,Eukaryota,Archaeplastida,Chloroplastida,Embryophyta
Ginkgo_biloba,Eukaryota,Archaeplastida,Chloroplastida,Embryophyta
Gonatozygon_brebissonii,Eukaryota,Archaeplastida,Chloroplastida,Zygnematophyceae
Gonatozygon_kinahanii,Eukaryota,Archaeplastida,Chloroplastida,Zygnematophyceae
Haplomitrium_mnioides,Eukaryota,Archaeplastida,Chloroplastida,Embryophyta
Helianthus_annuus,Eukaryota,Archaeplastida,Chloroplastida,Embryophyta
Hormidiella_parvula,Eukaryota,Archaeplastida,Chloroplastida,Hormidiellales
Huperzia_serrata,Eukaryota,Archaeplastida,Chloroplastida,Embryophyta
Illicium_verum,Eukaryota,Archaeplastida,Chloroplastida,Embryophyta
Interfilum_massjukiae,Eukaryota,Archaeplastida,Chloroplastida,Klebsormidiales
Interfilum_paradoxum,Eukaryota,Archaeplastida,Chloroplastida,Klebsormidiales
Interfilum_terricola,Eukaryota,Archaeplastida,Chloroplastida,Klebsormidiales
Isoetes_sinensis,Eukaryota,Archaeplastida,Chloroplastida,Embryophyta
Klebsormidium_africanum,Eukaryota,Archaeplastida,Chloroplastida,Klebsormidiales
Klebsormidium_crenulatum,Eukaryota,Archaeplastida,Chloroplastida,Klebsormidiales
Klebsormidium_delicatum,Eukaryota,Archaeplastida,Chloroplastida,Klebsormidiales
Klebsormidium_deserticola,Eukaryota,Archaeplastida,Chloroplastida,Klebsormidiales
Klebsormidium_dissectum,Eukaryota,Archaeplastida,Chloroplastida,Klebsormidiales
Klebsormidium_elegans,Eukaryota,Archaeplastida,Chloroplastida,Klebsormidiales
Klebsormidium_flaccidum,Eukaryota,Archaeplastida,Chloroplastida,Klebsormidiales
Klebsormidium_karooense,Eukaryota,Archaeplastida,Chloroplastida,Klebsormidiales
Klebsormidium_mucosum,Eukaryota,Archaeplastida,Chloroplastida,Klebsormidiales
Klebsormidium_nitens,Eukaryota,Archaeplastida,Chloroplastida,Klebsormidiales
Klebsormidium_subtile,Eukaryota,Archaeplastida,Chloroplastida,Klebsormidiales
Klebsormidium_subtilissimum,Eukaryota,Archaeplastida,Chloroplastida,Klebsormidiales
Klebsormidium_sylvaticum,Eukaryota,Archaeplastida,Chloroplastida,Klebsormidiales
Klebsormidium_vermiculatum,Eukaryota,Archaeplastida,Chloroplastida,Klebsormidiales
Lamprothamnium_succinctum,Eukaryota,Archaeplastida,Chloroplastida,Charophyceae
Leiosporoceros_dussii,Eukaryota,Archaeplastida,Chloroplastida,Embryophyta
Macadamia_integrifolia,Eukaryota,Archaeplastida,Chloroplastida,Embryophyta
Marchantia_paleacea,Eukaryota,Archaeplastida,Chloroplastida,Embryophyta
Marchantia_polymorpha,Eukaryota,Archaeplastida,Chloroplastida,Embryophyta
Megaceros_flagellaris,Eukaryota,Archaeplastida,Chloroplastida,Embryophyta
Mesostigma_viride,Eukaryota,Archaeplastida,Chloroplastida,Mesostigmatales
Mesotaenium_caldariorum,Eukaryota,Archaeplastida,Chloroplastida,Zygnematophyceae
Mesotaenium_endlicherianum,Eukaryota,Archaeplastida,Chloroplastida,Zygnematophyceae
Mesotaenium_kramstae,Eukaryota,Archaeplastida,Chloroplastida,Zygnematophyceae
Micrasterias_fimbriata,Eukaryota,Archaeplastida,Chloroplastida,Zygnematophyceae
Mougeotia_scalaris,Eukaryota,Archaeplastida,Chloroplastida,Zygnematophyceae
Mougeotia_sp_CCAC_3626,Eukaryota,Archaeplastida,Chloroplastida,Zygnematophyceae
Mougeotia_sp_M2,Eukaryota,Archaeplastida,Chloroplastida,Zygnematophyceae
Mougeotia_sp_SVCK_240,Eukaryota,Archaeplastida,Chloroplastida,Zygnematophyceae
Mougeotia_sp_UTEX_LB_758,Eukaryota,Archaeplastida,Chloroplastida,Zygnematophyceae
Mougeotiopsis_calospora,Eukaryota,Archaeplastida,Chloroplastida,Zygnematophyceae
Netrium_digitus,Eukaryota,Archaeplastida,Chloroplastida,Zygnematophyceae
Nitella_flexilis,Eukaryota,Archaeplastida,Chloroplastida,Charophyceae
Nitella_mirabilis,Eukaryota,Archaeplastida,Chloroplastida,Charophyceae
Nitellopsis_obtusa,Eukaryota,Archaeplastida,Chloroplastida,Charophyceae
Nothoceros_vincentianus,Eukaryota,Archaeplastida,Chloroplastida,Embryophyta
Nucleotaenium_eifelense,Eukaryota,Archaeplastida,Chloroplastida,Zygnematophyceae
Odontoschisma_sphagni,Eukaryota,Archaeplastida,Chloroplastida,Embryophyta
Ophioglossum_reticulatum,Eukaryota,Archaeplastida,Chloroplastida,Embryophyta
Oryza_sativa,Eukaryota,Archaeplastida,Chloroplastida,Embryophyta
Penium_exiguum,Eukaryota,Archaeplastida,Chloroplastida,Zygnematophyceae
Penium_margaritaceum,Eukaryota,Archaeplastida,Chloroplastida,Zygnematophyceae
Phalaenopsis_equestris,Eukaryota,Archaeplastida,Chloroplastida,Embryophyta
Phlegmariurus_tetrastichus,Eukaryota,Archaeplastida,Chloroplastida,Embryophyta
Phymatoceros_phymatodes,Eukaryota,Archaeplastida,Chloroplastida,Embryophyta
Phymatodocis_nordstedtiana,Eukaryota,Archaeplastida,Chloroplastida,Zygnematophyceae
Physcomitrium_patens,Eukaryota,Archaeplastida,Chloroplastida,Embryophyta
Picea_abies,Eukaryota,Archaeplastida,Chloroplastida,Embryophyta
Pinus_longaeva,Eukaryota,Archaeplastida,Chloroplastida,Embryophyta
Planotaenium_ohtanii,Eukaryota,Archaeplastida,Chloroplastida,Zygnematophyceae
Pleurotaenium_trabecula,Eukaryota,Archaeplastida,Chloroplastida,Zygnematophyceae
Pogonatum_aloides,Eukaryota,Archaeplastida,Chloroplastida,Embryophyta
Pohlia_nutans,Eukaryota,Archaeplastida,Chloroplastida,Embryophyta
Pseudotsuga_menziesii,Eukaryota,Archaeplastida,Chloroplastida,Embryophyta
Psilotum_nudum,Eukaryota,Archaeplastida,Chloroplastida,Embryophyta
Riccia_fluitans,Eukaryota,Archaeplastida,Chloroplastida,Embryophyta
Roya_obtusa,Eukaryota,Archaeplastida,Chloroplastida,Zygnematophyceae
Sanionia_uncinata,Eukaryota,Archaeplastida,Chloroplastida,Embryophyta
Sarcandra_glabra,Eukaryota,Archaeplastida,Chloroplastida,Embryophyta
Schisandra_sphenanthera,Eukaryota,Archaeplastida,Chloroplastida,Embryophyta
Selaginella_moellendorffii,Eukaryota,Archaeplastida,Chloroplastida,Embryophyta
Serritaenia_braunii,Eukaryota,Archaeplastida,Chloroplastida,Zygnematophyceae
Serritaenia_testaceovaginata,Eukaryota,Archaeplastida,Chloroplastida,Zygnematophyceae
Solanum_tuberosum,Eukaryota,Archaeplastida,Chloroplastida,Embryophyta
Sphaerozosma_laeve,Eukaryota,Archaeplastida,Chloroplastida,Zygnematophyceae
Sphagnum_magellanicum,Eukaryota,Archaeplastida,Chloroplastida,Embryophyta
Sphagnum_tenellum,Eukaryota,Archaeplastida,Chloroplastida,Embryophyta
Spirogloea_muscicola,Eukaryota,Archaeplastida,Chloroplastida,Zygnematophyceae
Spirogyra_pratensis,Eukaryota,Archaeplastida,Chloroplastida,Zygnematophyceae
Spirogyra_sp,Eukaryota,Archaeplastida,Chloroplastida,Zygnematophyceae
Spirogyra_sp_AU1,Eukaryota,Archaeplastida,Chloroplastida,Zygnematophyceae
Spirotaenia_minuta,Eukaryota,Archaeplastida,Chloroplastida,Spirotaenia
Spirotaenia_sp,Eukaryota,Archaeplastida,Chloroplastida,Spirotaenia
Spondylosium_planum,Eukaryota,Archaeplastida,Chloroplastida,Zygnematophyceae
Staurastrum_cingulum,Eukaryota,Archaeplastida,Chloroplastida,Zygnematophyceae
Staurastrum_ophiura,Eukaryota,Archaeplastida,Chloroplastida,Zygnematophyceae
Staurastrum_punctulatum,Eukaryota,Archaeplastida,Chloroplastida,Zygnematophyceae
Staurastrum_sebaldii,Eukaryota,Archaeplastida,Chloroplastida,Zygnematophyceae
Staurastrum_tetracerum,Eukaryota,Archaeplastida,Chloroplastida,Zygnematophyceae
Staurodesmus_convergens,Eukaryota,Archaeplastida,Chloroplastida,Zygnematophyceae
Staurodesmus_omearae,Eukaryota,Archaeplastida,Chloroplastida,Zygnematophyceae
Streptofilum_capillatum,Eukaryota,Archaeplastida,Chloroplastida,Klebsormidiophyceae incertae sedis
Streptosarcina_arenaria,Eukaryota,Archaeplastida,Chloroplastida,Hormidiellales
Streptosarcina_costaricana,Eukaryota,Archaeplastida,Chloroplastida,Hormidiellales
Takakia_lepidozioides,Eukaryota,Archaeplastida,Chloroplastida,Embryophyta
Taxus_chinensis,Eukaryota,Archaeplastida,Chloroplastida,Embryophyta
Tetraphis_pellucida,Eukaryota,Archaeplastida,Chloroplastida,Embryophyta
Treubia_lacunosa,Eukaryota,Archaeplastida,Chloroplastida,Embryophyta
Triticum_aestivum,Eukaryota,Archaeplastida,Chloroplastida,Embryophyta
Vitis_vinifera,Eukaryota,Archaeplastida,Chloroplastida,Embryophyta
Welwitschia_mirabilis,Eukaryota,Archaeplastida,Chloroplastida,Embryophyta
Wolffia_australiana,Eukaryota,Archaeplastida,Chloroplastida,Embryophyta
Xanthidium_antilopaeum,Eukaryota,Archaeplastida,Chloroplastida,Zygnematophyceae
Zea_mays,Eukaryota,Archaeplastida,Chloroplastida,Embryophyta
Zygnema_circumcarinatum,Eukaryota,Archaeplastida,Chloroplastida,Zygnematophyceae
Zygnema_cylindricum,Eukaryota,Archaeplastida,Chloroplastida,Zygnematophyceae
Zygnema_pseudogedeanum,Eukaryota,Archaeplastida,Chloroplastida,Zygnematophyceae
Zygnema_sp,Eukaryota,Archaeplastida,Chloroplastida,Zygnematophyceae
Zygnemopsis_sp,Eukaryota,Archaeplastida,Chloroplastida,Zygnematophyceae
Lenisia_limosa,Eukaryota,Breviatea,Eukaryota incertae sedis,Lenisia
Collodictyon_sp_Col11,Eukaryota,CRuMs,CRuMs incertae sedis,Collodictyonidae
Collodictyon_sp_Col12,Eukaryota,CRuMs,CRuMs incertae sedis,Collodictyonidae
Collodictyon_sp_Col16,Eukaryota,CRuMs,CRuMs incertae sedis,Collodictyonidae
Collodictyon_sp_Col17,Eukaryota,CRuMs,CRuMs incertae sedis,Collodictyonidae
Collodictyon_sp_Col19,Eukaryota,CRuMs,CRuMs incertae sedis,Collodictyonidae
Collodictyon_sp_Col20,Eukaryota,CRuMs,CRuMs incertae sedis,Collodictyonidae
Diphylleia_rotans,Eukaryota,CRuMs,CRuMs incertae sedis,Collodictyonidae
Diphylleia_sp,Eukaryota,CRuMs,CRuMs incertae sedis,Collodictyonidae
Glissandra_oviformis,Eukaryota,CRuMs,Glissandrida,Glissandridae
Mantamonas_plastica,Eukaryota,CRuMs,CRuMs incertae sedis,Mantamonadidae
Mantamonas_sphyraenae,Eukaryota,CRuMs,CRuMs incertae sedis,Mantamonadidae
Mantamonas_vickermanii,Eukaryota,CRuMs,CRuMs incertae sedis,Mantamonadidae
Rigifila_ramosa,Eukaryota,CRuMs,Rigifilida,Rigifila
Baffinella_frigidus,Eukaryota,Cryptista,Cryptomonadales,Baffinellaceae
Chilomonas_sp,Eukaryota,Cryptista,Cryptomonadales,Cryptomonadaceae
Cryptomonas_baltica,Eukaryota,Cryptista,Cryptomonadales,Cryptomonadaceae
Cryptomonas_borealis,Eukaryota,Cryptista,Cryptomonadales,Cryptomonadaceae
Cryptomonas_curvata,Eukaryota,Cryptista,Cryptomonadales,Cryptomonadaceae
Cryptomonas_paramaecium,Eukaryota,Cryptista,Cryptomonadales,Cryptomonadaceae
Cryptomonas_pyrenoidifera,Eukaryota,Cryptista,Cryptomonadales,Cryptomonadaceae
Hemiselmis_andersenii,Eukaryota,Cryptista,Cryptomonadales,Hemiselmidaceae
Hemiselmis_cryptochromatica,Eukaryota,Cryptista,Cryptomonadales,Hemiselmidaceae
Hemiselmis_pacifica,Eukaryota,Cryptista,Cryptomonadales,Hemiselmidaceae
Hemiselmis_rufescens,Eukaryota,Cryptista,Cryptomonadales,Hemiselmidaceae
Hemiselmis_tepida,Eukaryota,Cryptista,Cryptomonadales,Hemiselmidaceae
Hemiselmis_virescens,Eukaryota,Cryptista,Cryptomonadales,Hemiselmidaceae
Geminigera_cryophila,Eukaryota,Cryptista,Pyrenomonadales,Geminigeraceae
Guillardia_theta,Eukaryota,Cryptista,Pyrenomonadales,Geminigeraceae
Hanusia_phi,Eukaryota,Cryptista,Pyrenomonadales,Geminigeraceae
Proteomonas_sp,Eukaryota,Cryptista,Pyrenomonadales,Geminigeraceae
Proteomonas_sulcata,Eukaryota,Cryptista,Pyrenomonadales,Geminigeraceae
Teleaulax_amphioxeia,Eukaryota,Cryptista,Pyrenomonadales,Geminigeraceae
Goniomonas_avonlea,Eukaryota,Cryptista,Goniomonadida,Goniomonadaceae
Goniomonas_pacifica,Eukaryota,Cryptista,Goniomonadida,Goniomonadaceae
Goniomonas_sp,Eukaryota,Cryptista,Goniomonadida,Goniomonadaceae
Hemiarma_marina,Eukaryota,Cryptista,Goniomonadida,Goniomonadaceae
Palpitomonas_bilix,Eukaryota,Eukaryota incertae sedis,Eukaryota incertae sedis,Palpitomonas
Katablepharidophyta_sp_11W,Eukaryota,Cryptista,Cryptista incertae sedis,Katablepharidophyta_sp_11W
Katablepharidophyta_sp_17W,Eukaryota,Cryptista,Cryptista incertae sedis,Katablepharidophyta_sp_17W
Katablepharidophyta_sp_38W,Eukaryota,Cryptista,Cryptista incertae sedis,Katablepharidophyta_sp_38W
Roombia_sp,Eukaryota,Cryptista,Kathablepharidacea,Katablepharidaceae
Roombia_truncata,Eukaryota,Cryptista,Kathablepharidacea,Katablepharidaceae
Rhinomonas_nottbeckii,Eukaryota,Cryptista,Pyrenomonadales,Pyrenomonadaceae
Rhodomonas_abbreviata,Eukaryota,Cryptista,Pyrenomonadales,Pyrenomonadaceae
Rhodomonas_lacustris,Eukaryota,Cryptista,Pyrenomonadales,Pyrenomonadaceae
Rhodomonas_lens,Eukaryota,Cryptista,Pyrenomonadales,Pyrenomonadaceae
Rhodomonas_salina,Eukaryota,Cryptista,Pyrenomonadales,Pyrenomonadaceae
Storeatula_major,Eukaryota,Cryptista,Pyrenomonadales,Pyrenomonadaceae
Chroomonas_cf_mesostigmatica,Eukaryota,Cryptista,Pyrenomonadales,Chroomonadaceae
Chroomonas_dispersa,Eukaryota,Cryptista,Pyrenomonadales,Chroomonadaceae
Chroomonas_mesostigmatica,Eukaryota,Cryptista,Pyrenomonadales,Chroomonadaceae
Chroomonas_placoidea,Eukaryota,Cryptista,Pyrenomonadales,Chroomonadaceae
Chroomonas_sp_Dc01,Eukaryota,Cryptista,Pyrenomonadales,Chroomonadaceae
Tsukubamonas_globosa,Eukaryota,Discoba,Tsukubea,Tsukubamonadida
Allobodo_yubaba,Eukaryota,Discoba,Euglenozoa,Kinetoplastea
Allobodonidae_sp_OB23,Eukaryota,Discoba,Euglenozoa,Kinetoplastea
Angomonas_deanei,Eukaryota,Discoba,Euglenozoa,Kinetoplastea
Anisonema_acinus,Eukaryota,Discoba,Euglenozoa,Euglenida
Apiculatamorpha_spiralis,Eukaryota,Discoba,Euglenozoa,Kinetoplastea
Artemidia_motanka,Eukaryota,Discoba,Euglenozoa,Diplonemea
Azumiobodo_hoyamushi,Eukaryota,Discoba,Euglenozoa,Kinetoplastea
Blastocrithidia_frustrata,Eukaryota,Discoba,Euglenozoa,Kinetoplastea
Blastocrithidia_nonstop,Eukaryota,Discoba,Euglenozoa,Kinetoplastea
Blastocrithidia_raabei,Eukaryota,Discoba,Euglenozoa,Kinetoplastea
Blastocrithidia_triatomae,Eukaryota,Discoba,Euglenozoa,Kinetoplastea
Blechomonas_ayalai,Eukaryota,Discoba,Euglenozoa,Kinetoplastea
Bodo_saltans,Eukaryota,Discoba,Euglenozoa,Kinetoplastea
Bodo_sp,Eukaryota,Discoba,Euglenozoa,Kinetoplastea
Borovskyia_barvae,Eukaryota,Discoba,Euglenozoa,Kinetoplastea
Chasmostoma_nieuportense,Eukaryota,Discoba,Euglenozoa,Euglenida
Chelandium_granulatum,Eukaryota,Discoba,Euglenozoa,Euglenida
Crithidia_bombi,Eukaryota,Discoba,Euglenozoa,Kinetoplastea
Crithidia_brevicula,Eukaryota,Discoba,Euglenozoa,Kinetoplastea
Crithidia_expoeki,Eukaryota,Discoba,Euglenozoa,Kinetoplastea
Crithidia_fasciculata,Eukaryota,Discoba,Euglenozoa,Kinetoplastea
Crithidia_thermophila,Eukaryota,Discoba,Euglenozoa,Kinetoplastea
Cruzella_marina,Eukaryota,Discoba,Euglenozoa,Kinetoplastea
Decastava_sp,Eukaryota,Discoba,Euglenozoa,Euglenida
Dinema_litorale,Eukaryota,Discoba,Euglenozoa,Euglenida
Dinema_validum,Eukaryota,Discoba,Euglenozoa,Euglenida
Diplonema_aggregatum,Eukaryota,Discoba,Euglenozoa,Diplonemea
Diplonema_ambulator,Eukaryota,Discoba,Euglenozoa,Diplonemea
Diplonema_japonicum,Eukaryota,Discoba,Euglenozoa,Diplonemea
Diplonema_papillatum,Eukaryota,Discoba,Euglenozoa,Diplonemea
Diplonema_sp,Eukaryota,Discoba,Euglenozoa,Diplonemea
Distigma_sp,Eukaryota,Discoba,Euglenozoa,Euglenida
Distigma_sp_N6,Eukaryota,Discoba,Euglenozoa,Euglenida
Distigma_sp_P5,Eukaryota,Discoba,Euglenozoa,Euglenida
Dolium_sedentarium,Eukaryota,Discoba,Euglenozoa,Euglenida
Endotrypanum_monterogeii,Eukaryota,Discoba,Euglenozoa,Kinetoplastea
Entosiphon_sulcatum,Eukaryota,Discoba,Euglenozoa,Euglenida
Euglena_agilis,Eukaryota,Discoba,Euglenozoa,Euglenida
Euglena_gracilis,Eukaryota,Discoba,Euglenozoa,Euglenida
Euglena_longa,Eukaryota,Discoba,Euglenozoa,Euglenida
Euglena_sanguinea,Eukaryota,Discoba,Euglenozoa,Euglenida
Euglena_sp,Eukaryota,Discoba,Euglenozoa,Euglenida
Eupelagonemidae_sp_E7,Eukaryota,Discoba,Euglenozoa,Diplonemea
Eupelagonemidae_sp_E8,Eukaryota,Discoba,Euglenozoa,Diplonemea
Eutreptiella_gymnastica,Eukaryota,Discoba,Euglenozoa,Euglenida
Flectonema_sp,Eukaryota,Discoba,Euglenozoa,Diplonemea
Gaulosia_striata,Eukaryota,Discoba,Euglenozoa,Euglenida
Hemiolia_limna,Eukaryota,Discoba,Euglenozoa,Euglenida
Hemiolia_trepidum,Eukaryota,Discoba,Euglenozoa,Euglenida
Hemistasia_phaeocysticola,Eukaryota,Discoba,Euglenozoa,Diplonemea
Herpetomonas_samuelpessoai,Eukaryota,Discoba,Euglenozoa,Kinetoplastea
Herpetomonas_tarakana,Eukaryota,Discoba,Euglenozoa,Kinetoplastea
Heteronema_vittatum,Eukaryota,Discoba,Euglenozoa,Euglenida
Jaenimonas_drosophilae,Eukaryota,Discoba,Euglenozoa,Kinetoplastea
Jenningsia_fusiforme,Eukaryota,Discoba,Euglenozoa,Euglenida
Keelungia_sp,Eukaryota,Discoba,Euglenozoa,Euglenida
Lacrimia_lanifica,Eukaryota,Discoba,Euglenozoa,Diplonemea
Lacrimia_sp,Eukaryota,Discoba,Euglenozoa,Diplonemea
Lafontella_sp,Eukaryota,Discoba,Euglenozoa,Kinetoplastea
Leishmania_amazonensis,Eukaryota,Discoba,Euglenozoa,Kinetoplastea
Leishmania_braziliensis,Eukaryota,Discoba,Euglenozoa,Kinetoplastea
Leishmania_donovani,Eukaryota,Discoba,Euglenozoa,Kinetoplastea
Leishmania_enriettii,Eukaryota,Discoba,Euglenozoa,Kinetoplastea
Leishmania_guyanensis,Eukaryota,Discoba,Euglenozoa,Kinetoplastea
Leishmania_infantum,Eukaryota,Discoba,Euglenozoa,Kinetoplastea
Leishmania_lainsoni,Eukaryota,Discoba,Euglenozoa,Kinetoplastea
Leishmania_major,Eukaryota,Discoba,Euglenozoa,Kinetoplastea
Leishmania_orientalis,Eukaryota,Discoba,Euglenozoa,Kinetoplastea
Leishmania_panamensis,Eukaryota,Discoba,Euglenozoa,Kinetoplastea
Leishmania_tropica,Eukaryota,Discoba,Euglenozoa,Kinetoplastea
Lentomonas_cf_corrugata,Eukaryota,Discoba,Euglenozoa,Euglenida
Leptomonas_pyrrhocoris,Eukaryota,Discoba,Euglenozoa,Kinetoplastea
Leptomonas_seymouri,Eukaryota,Discoba,Euglenozoa,Kinetoplastea
Liburna_glaciale,Eukaryota,Discoba,Euglenozoa,Euglenida
Lotmaria_passim,Eukaryota,Discoba,Euglenozoa,Kinetoplastea
Namystynia_karyoxenos,Eukaryota,Discoba,Euglenozoa,Diplonemea
Neobodo_designis,Eukaryota,Discoba,Euglenozoa,Kinetoplastea
Neobodonida_sp_BAB10_KIN1,Eukaryota,Discoba,Euglenozoa,Kinetoplastea
Neobodonida_sp_BEAP0071_10D,Eukaryota,Discoba,Euglenozoa,Kinetoplastea
Neobodonida_sp_BEAP0117_13G,Eukaryota,Discoba,Euglenozoa,Kinetoplastea
Neobodonida_sp_BEAP0154_D44,Eukaryota,Discoba,Euglenozoa,Kinetoplastea
Neobodonida_sp_BEAP0214_G65133,Eukaryota,Discoba,Euglenozoa,Kinetoplastea
Neobodonida_sp_INU10_KIN1,Eukaryota,Discoba,Euglenozoa,Kinetoplastea
Neobodonida_sp_KUC3_KIN1,Eukaryota,Discoba,Euglenozoa,Kinetoplastea
Neometanema_parovale,Eukaryota,Discoba,Euglenozoa,Euglenida
Notosolenus_urceolatus,Eukaryota,Discoba,Euglenozoa,Euglenida
Novijibodo_darinka,Eukaryota,Discoba,Euglenozoa,Kinetoplastea
Novymonas_esmeraldas,Eukaryota,Discoba,Euglenozoa,Kinetoplastea
Obscuromonas_eliasi,Eukaryota,Discoba,Euglenozoa,Kinetoplastea
Obscuromonas_modryi,Eukaryota,Discoba,Euglenozoa,Kinetoplastea
Obscuromonas_oborniki,Eukaryota,Discoba,Euglenozoa,Kinetoplastea
Obscuromonas_volfi,Eukaryota,Discoba,Euglenozoa,Kinetoplastea
Olkasia_polycarbonata,Eukaryota,Discoba,Euglenozoa,Euglenida
Paratrypanosoma_confusum,Eukaryota,Discoba,Euglenozoa,Kinetoplastea
Peranema_trichophorum,Eukaryota,Discoba,Euglenozoa,Euglenida
Perkinsela_sp,Eukaryota,Discoba,Euglenozoa,Kinetoplastea
Petalomonas_cantuscygni,Eukaryota,Discoba,Euglenozoa,Euglenida
Phytomonas_francai,Eukaryota,Discoba,Euglenozoa,Kinetoplastea
Phytomonas_sp,Eukaryota,Discoba,Euglenozoa,Kinetoplastea
Ploeotia_sp,Eukaryota,Discoba,Euglenozoa,Euglenida
Ploeotia_vitrea,Eukaryota,Discoba,Euglenozoa,Euglenida
Porcisia_deanei,Eukaryota,Discoba,Euglenozoa,Kinetoplastea
Porcisia_hertigi,Eukaryota,Discoba,Euglenozoa,Kinetoplastea
Procryptobia_sorokini,Eukaryota,Discoba,Euglenozoa,Kinetoplastea
Rapaza_viridis,Eukaryota,Discoba,Euglenozoa,Euglenida
Rhabdomonas_costata,Eukaryota,Discoba,Euglenozoa,Euglenida
Rhynchomonadidae_sp,Eukaryota,Discoba,Euglenozoa,Kinetoplastea
Rhynchopus_euleeides,Eukaryota,Discoba,Euglenozoa,Diplonemea
Rhynchopus_humris,Eukaryota,Discoba,Euglenozoa,Diplonemea
Rhynchopus_sp,Eukaryota,Discoba,Euglenozoa,Diplonemea
Sergeia_podlipaevi,Eukaryota,Discoba,Euglenozoa,Kinetoplastea
Sphenomonas_quadrangularis,Eukaryota,Discoba,Euglenozoa,Euglenida
Sulcionema_specki,Eukaryota,Discoba,Euglenozoa,Diplonemea
Symbiontida_sp,Eukaryota,Discoba,Euglenozoa,Symbiontida
Symbiontida_sp_HLA12,Eukaryota,Discoba,Euglenozoa,Symbiontida
Trypanoplasma_borreli,Eukaryota,Discoba,Euglenozoa,Kinetoplastea
Trypanosoma_avium,Eukaryota,Discoba,Euglenozoa,Kinetoplastea
Trypanosoma_boissoni,Eukaryota,Discoba,Euglenozoa,Kinetoplastea
Trypanosoma_brucei,Eukaryota,Discoba,Euglenozoa,Kinetoplastea
Trypanosoma_carassii,Eukaryota,Discoba,Euglenozoa,Kinetoplastea
Trypanosoma_cruzi,Eukaryota,Discoba,Euglenozoa,Kinetoplastea
Trypanosoma_evansi,Eukaryota,Discoba,Euglenozoa,Kinetoplastea
Trypanosoma_grayi,Eukaryota,Discoba,Euglenozoa,Kinetoplastea
Trypanosoma_lewisi,Eukaryota,Discoba,Euglenozoa,Kinetoplastea
Trypanosoma_mega,Eukaryota,Discoba,Euglenozoa,Kinetoplastea
Trypanosoma_melophagium,Eukaryota,Discoba,Euglenozoa,Kinetoplastea
Trypanosoma_musculi,Eukaryota,Discoba,Euglenozoa,Kinetoplastea
Trypanosoma_platydactyli,Eukaryota,Discoba,Euglenozoa,Kinetoplastea
Trypanosoma_scelopori,Eukaryota,Discoba,Euglenozoa,Kinetoplastea
Trypanosoma_vivax,Eukaryota,Discoba,Euglenozoa,Kinetoplastea
Urceolus_cf_cornutus,Eukaryota,Discoba,Euglenozoa,Euglenida
Urceolus_sp,Eukaryota,Discoba,Euglenozoa,Euglenida
Vickermania_spadyakhi,Eukaryota,Discoba,Euglenozoa,Kinetoplastea
Wallacemonas_collosoma,Eukaryota,Discoba,Euglenozoa,Kinetoplastea
Wallacemonas_rigidus,Eukaryota,Discoba,Euglenozoa,Kinetoplastea
Wallacemonas_sp_195SL,Eukaryota,Discoba,Euglenozoa,Kinetoplastea
Wallacemonas_sp_MBr04,Eukaryota,Discoba,Euglenozoa,Kinetoplastea
Wallacemonas_sp_TrypX,Eukaryota,Discoba,Euglenozoa,Kinetoplastea
Wallacemonas_sp_Wsd,Eukaryota,Discoba,Euglenozoa,Kinetoplastea
Zelonia_costaricensis,Eukaryota,Discoba,Euglenozoa,Kinetoplastea
Acrasis_helenhemmesae,Eukaryota,Discoba,Heterolobosea,Tetramitia
Acrasis_kona,Eukaryota,Discoba,Heterolobosea,Tetramitia
Acrasis_rosea,Eukaryota,Discoba,Heterolobosea,Tetramitia
Allovahlkampfia_sp,Eukaryota,Discoba,Heterolobosea,Tetramitia
Creneis_carolina,Eukaryota,Discoba,Heterolobosea,Tetramitia
Creneis_sp_E2NB,Eukaryota,Discoba,Heterolobosea,Tetramitia
Creneis_sp_SRT213,Eukaryota,Discoba,Heterolobosea,Tetramitia
Dactylomonas_venusta,Eukaryota,Discoba,Heterolobosea,Tetramitia
Harpagon_schusteri,Eukaryota,Discoba,Heterolobosea,Tetramitia
Heteramoeba_clara,Eukaryota,Discoba,Heterolobosea,Tetramitia
Naegleria_clarki,Eukaryota,Discoba,Heterolobosea,Tetramitia
Naegleria_fowleri,Eukaryota,Discoba,Heterolobosea,Tetramitia
Naegleria_gruberi,Eukaryota,Discoba,Heterolobosea,Tetramitia
Naegleria_lovaniensis,Eukaryota,Discoba,Heterolobosea,Tetramitia
Naegleria_sp_KDN1,Eukaryota,Discoba,Heterolobosea,Tetramitia
Neovahlkampfia_damariscottae,Eukaryota,Discoba,Heterolobosea,Tetramitia
Percolomonas_cosmopolitus,Eukaryota,Discoba,Heterolobosea,Tetramitia
Pharyngomonas_kirbyi,Eukaryota,Discoba,Heterolobosea,Pharyngomonada
Pocheina_flagellata,Eukaryota,Discoba,Heterolobosea,Tetramitia
Pseudoharpagon_tertius,Eukaryota,Discoba,Heterolobosea,Tetramitia
Tetramitus_aberdonicus,Eukaryota,Discoba,Heterolobosea,Tetramitia
Tetramitus_jugosus,Eukaryota,Discoba,Heterolobosea,Tetramitia
Vahlkampfia_avara,Eukaryota,Discoba,Heterolobosea,Tetramitia
Willaertia_magna,Eukaryota,Discoba,Heterolobosea,Tetramitia
Agogonia_voluta,Eukaryota,Discoba,Jakobea,Jakobida
Andalucia_godoyi,Eukaryota,Discoba,Jakobea,Jakobida
Andalucia_incarcerata,Eukaryota,Discoba,Jakobea,Jakobida
Ophirina_amphinema,Eukaryota,Discoba,Jakobea,Jakobida
Ophirina_chinija,Eukaryota,Discoba,Jakobea,Jakobida
Acanthocystis_sp,Eukaryota,Haptista,Centroplasthelida,Panacanthocystida
Choanocystis_sp,Eukaryota,Haptista,Centroplasthelida,Pterocystida
Marophrys_sp,Eukaryota,Haptista,Centroplasthelida,Panacanthocystida
Raineriophrys_erinaceoides,Eukaryota,Haptista,Centroplasthelida,Pterocystida
Raphidiophrys_heterophryoidea,Eukaryota,Haptista,Centroplasthelida,Pterocystida
Raphidocystis_contractilis,Eukaryota,Haptista,Centroplasthelida,Panacanthocystida
Braarudosphaera_bigelowii,Eukaryota,Haptista,Haptophyta,Prymnesiophyceae
Calcidiscus_leptoporus,Eukaryota,Haptista,Haptophyta,Prymnesiophyceae
Chrysochromulina_leadbeateri,Eukaryota,Haptista,Haptophyta,Prymnesiophyceae
Chrysochromulina_rotalis,Eukaryota,Haptista,Haptophyta,Prymnesiophyceae
Chrysochromulina_tobinii,Eukaryota,Haptista,Haptophyta,Prymnesiophyceae
Chrysoculter_rhomboideus,Eukaryota,Haptista,Haptophyta,Haptophyta incertae sedis
Chrysotila_dentata,Eukaryota,Haptista,Haptophyta,Prymnesiophyceae
Diacronema_lutheri,Eukaryota,Haptista,Haptophyta,Pavlovophyceae
Emiliania_huxleyi,Eukaryota,Haptista,Haptophyta,Prymnesiophyceae
Exanthemachrysis_gayraliae,Eukaryota,Haptista,Haptophyta,Pavlovophyceae
Gephyrocapsa_muellerae,Eukaryota,Haptista,Haptophyta,Prymnesiophyceae
Gephyrocapsa_oceanica,Eukaryota,Haptista,Haptophyta,Prymnesiophyceae
Haptolina_brevifila,Eukaryota,Haptista,Haptophyta,Prymnesiophyceae
Haptolina_ericina,Eukaryota,Haptista,Haptophyta,Prymnesiophyceae
Imantonia_sp,Eukaryota,Haptista,Haptophyta,Prymnesiophyceae
Isochrysis_galbana,Eukaryota,Haptista,Haptophyta,Prymnesiophyceae
Ochrosphaera_neapolitana,Eukaryota,Haptista,Haptophyta,Prymnesiophyceae
Pavlomulina_ranunculiformis,Eukaryota,Haptista,Haptophyta,Rappephyceae
Pavlova_gyrans,Eukaryota,Haptista,Haptophyta,Pavlovophyceae
Pavlova_pinguis,Eukaryota,Haptista,Haptophyta,Pavlovophyceae
Pavlovales_sp,Eukaryota,Haptista,Haptophyta,Pavlovophyceae
Phaeocystis_antarctica,Eukaryota,Haptista,Haptophyta,Prymnesiophyceae
Phaeocystis_cordata,Eukaryota,Haptista,Haptophyta,Prymnesiophyceae
Phaeocystis_globosa,Eukaryota,Haptista,Haptophyta,Prymnesiophyceae
Phaeocystis_jahnii,Eukaryota,Haptista,Haptophyta,Prymnesiophyceae
Phaeocystis_rex,Eukaryota,Haptista,Haptophyta,Prymnesiophyceae
Pleurochrysis_carterae,Eukaryota,Haptista,Haptophyta,Prymnesiophyceae
Prymnesium_neolepis,Eukaryota,Haptista,Haptophyta,Prymnesiophyceae
Prymnesium_parvum,Eukaryota,Haptista,Haptophyta,Prymnesiophyceae
Prymnesium_polylepis,Eukaryota,Haptista,Haptophyta,Prymnesiophyceae
Prymnesium_sp,Eukaryota,Haptista,Haptophyta,Prymnesiophyceae
Scyphosphaera_apsteinii,Eukaryota,Haptista,Haptophyta,Prymnesiophyceae
Tisochrysis_lutea,Eukaryota,Haptista,Haptophyta,Prymnesiophyceae
Hemimastix_kukwesjijk,Eukaryota,Hemimastigophora,Spironemidae,Hemimastix
Spironema_cf_multiciliatum,Eukaryota,Hemimastigophora,Spironemidae,Spironema
Gefionella_okellyi,Eukaryota,Malawimonada,Malawimonadea,Malawimonadida
Imasa_heleensis,Eukaryota,Malawimonada,Malawimonadea,Malawimonadida
Malawimonas_californiana,Eukaryota,Malawimonada,Malawimonadea,Malawimonadida
Meteora_sporadica,Eukaryota,Eukaryota incertae sedis,Eukaryota incertae sedis,Meteora
Microheliella_maris,Eukaryota,Eukaryota incertae sedis,Eukaryota incertae sedis,Microheliella
Solarion_arienae,Eukaryota,Eukaryota incertae sedis,Solarionidae,Solarion
Telonema_subtile,Eukaryota,Eukaryota incertae sedis,Telonemia,Telonemida
Telonemia_sp_DSEL18,Eukaryota,Eukaryota incertae sedis,Eukaryota incertae sedis,Telonemia
Anaeramoeba_flamelloides,Eukaryota,Metamonada,Anaeramoebidae,Anaeramoeba
Anaeramoeba_ignava,Eukaryota,Metamonada,Anaeramoebidae,Anaeramoeba
Aduncisulcus_paluster,Eukaryota,Metamonada,Fornicata,Carpediemonas-like organisms
Carpediemonas_membranifera,Eukaryota,Metamonada,Fornicata,Carpediemonas-like organisms
Chilomastix_cuspidata,Eukaryota,Metamonada,Fornicata,Retortamonadidae
Dysnectes_brevis,Eukaryota,Metamonada,Fornicata,Carpediemonas-like organisms
Euthynema_mutabile,Eukaryota,Metamonada,Fornicata,Caviomonadidae
Giardia_cricetidarun,Eukaryota,Metamonada,Fornicata,Diplomonadida
Giardia_duodenalis,Eukaryota,Metamonada,Fornicata,Diplomonadida
Giardia_lamblia,Eukaryota,Metamonada,Fornicata,Diplomonadida
Giardia_muris,Eukaryota,Metamonada,Fornicata,Diplomonadida
Gyromonas_ambulans,Eukaryota,Metamonada,Fornicata,Diplomonadida
Hexamita_inflata,Eukaryota,Metamonada,Fornicata,Diplomonadida
Hexamita_sp,Eukaryota,Metamonada,Fornicata,Diplomonadida
Iotanema_spirale,Eukaryota,Metamonada,Fornicata,Caviomonadidae
Kipferlia_bialata,Eukaryota,Metamonada,Fornicata,Carpediemonas-like organisms
Retortamonas_cf_caviae,Eukaryota,Metamonada,Fornicata,Retortamonadidae
Retortamonas_dobelli,Eukaryota,Metamonada,Fornicata,Retortamonadidae
Spironucleus_salmonicida,Eukaryota,Metamonada,Fornicata,Diplomonadida
Trepomonas_agilis,Eukaryota,Metamonada,Fornicata,Diplomonadida
Trepomonas_sp,Eukaryota,Metamonada,Fornicata,Diplomonadida
Trepomonas_steinii,Eukaryota,Metamonada,Fornicata,Diplomonadida
Trimitus_sp_FISH,Eukaryota,Metamonada,Fornicata,Diplomonadida
Trimitus_sp_IT1,Eukaryota,Metamonada,Fornicata,Diplomonadida
Barthelona_sp,Eukaryota,Metamonada,Metamonada incertae sedis,Barthelona
Barthelona_sp_PAP020,Eukaryota,Metamonada,Metamonada incertae sedis,Barthelona
Barthelona_sp_PAP514,Eukaryota,Metamonada,Metamonada incertae sedis,Barthelona
Skoliomonas_litria,Eukaryota,Metamonada,Metamonada incertae sedis,Skoliomonas
Skoliomonas_sp_GEMRC,Eukaryota,Metamonada,Metamonada incertae sedis,Skoliomonas
Skoliomonas_sp_RCL,Eukaryota,Metamonada,Metamonada incertae sedis,Skoliomonas
Cuppa_polygyra,Eukaryota,Metamonada,Parabasalia,Spirotrichonymphida
Dientamoeba_fragilis,Eukaryota,Metamonada,Parabasalia,Tritrichomonadida
Eucomonympha_sp,Eukaryota,Metamonada,Parabasalia,Trichonymphida
Gigantomonas_herculea,Eukaryota,Metamonada,Parabasalia,Cristamonadida
Histomonas_meleagridis,Eukaryota,Metamonada,Parabasalia,Tritrichomonadida
Holomastigotoides_hartmanni,Eukaryota,Metamonada,Parabasalia,Spirotrichonymphida
Holomastigotoides_minor,Eukaryota,Metamonada,Parabasalia,Spirotrichonymphida
Joenoides_intermedia,Eukaryota,Metamonada,Parabasalia,Cristamonadida
Kofoidia_loriculata,Eukaryota,Metamonada,Parabasalia,Cristamonadida
Laeohelix_sp,Eukaryota,Metamonada,Preaxostyla,Oxymonadida
Lophomonas_blattarum,Eukaryota,Metamonada,Parabasalia,Lophomonadida
Macrotrichomonas_lighti,Eukaryota,Metamonada,Parabasalia,Cristamonadida
Mixotricha_paradoxa,Eukaryota,Metamonada,Parabasalia,Cristamonadida
Monocercomonas_colubrorum,Eukaryota,Metamonada,Parabasalia,Tritrichomonadida
Pentatrichomonas_hominis,Eukaryota,Metamonada,Parabasalia,Trichomonadida
Pseudotrichomonas_keilini,Eukaryota,Metamonada,Parabasalia,Trichomonadida
Pseudotrichonympha_grassii,Eukaryota,Metamonada,Parabasalia,Trichonymphida
Spironympha_kofoidi,Eukaryota,Metamonada,Parabasalia,Spirotrichonymphida
Spirotrichonympha_leidyi,Eukaryota,Metamonada,Parabasalia,Spirotrichonymphida
Staurojoenina_sp,Eukaryota,Metamonada,Parabasalia,Trichonymphida
Tetratrichomonas_gallinarum,Eukaryota,Metamonada,Parabasalia,Trichomonadida
Trichomitopsis_sp,Eukaryota,Metamonada,Parabasalia,Trichomonadida
Trichomitus_batrachorum,Eukaryota,Metamonada,Parabasalia,Hypotrichomonadida
Trichomonas_gallinae,Eukaryota,Metamonada,Parabasalia,Trichomonadida
Trichomonas_tenax,Eukaryota,Metamonada,Parabasalia,Trichomonadida
Trichomonas_vaginalis,Eukaryota,Metamonada,Parabasalia,Trichomonadida
Trichonympha_sp,Eukaryota,Metamonada,Parabasalia,Trichonymphida
Trichonympha_turkestanica,Eukaryota,Metamonada,Parabasalia,Trichonymphida
Tritrichomonas_casperi,Eukaryota,Metamonada,Parabasalia,Tritrichomonadida
Tritrichomonas_foetus,Eukaryota,Metamonada,Parabasalia,Tritrichomonadida
Tritrichomonas_mobilensis,Eukaryota,Metamonada,Parabasalia,Tritrichomonadida
Tritrichomonas_musculus,Eukaryota,Metamonada,Parabasalia,Tritrichomonadida
Uteronympha_africana,Eukaryota,Metamonada,Parabasalia,Spirotrichonymphida
Blattamonas_nauphoetae,Eukaryota,Metamonada,Preaxostyla,Oxymonadida
Monocercomonoides_exilis,Eukaryota,Metamonada,Preaxostyla,Oxymonadida
Oxymonas_sp,Eukaryota,Metamonada,Preaxostyla,Oxymonadida
Paratrimastix_pyriformis,Eukaryota,Metamonada,Preaxostyla,Paratrimastigidae
Pyrsonympha_sp,Eukaryota,Metamonada,Preaxostyla,Oxymonadida
Saccinobaculus_ambloaxostylus,Eukaryota,Metamonada,Preaxostyla,Oxymonadida
Saccinobaculus_doroaxostylus,Eukaryota,Metamonada,Preaxostyla,Oxymonadida
Streblomastix_strix,Eukaryota,Metamonada,Preaxostyla,Oxymonadida
Trimastix_marina,Eukaryota,Metamonada,Preaxostyla,Trimastigidae
Acanthocorbis_camarensis,Eukaryota,Opisthokonta,Choanoflagellata,Acanthoecida
Acanthoeca_sp,Eukaryota,Opisthokonta,Choanoflagellata,Acanthoecida
Acanthoeca_spectabilis,Eukaryota,Opisthokonta,Choanoflagellata,Acanthoecida
Cepoeca_plumata,Eukaryota,Opisthokonta,Choanoflagellata,Acanthoecida
Choanoeca_flexa,Eukaryota,Opisthokonta,Choanoflagellata,Craspedida
Choanoeca_perplexa,Eukaryota,Opisthokonta,Choanoflagellata,Craspedida
Codosiga_hollandica,Eukaryota,Opisthokonta,Choanoflagellata,Craspedida
Diaphanoeca_grandis,Eukaryota,Opisthokonta,Choanoflagellata,Acanthoecida
Didymoeca_costata,Eukaryota,Opisthokonta,Choanoflagellata,Acanthoecida
Hartaetosiga_balthica,Eukaryota,Opisthokonta,Choanoflagellata,Craspedida
Hartaetosiga_gracilis,Eukaryota,Opisthokonta,Choanoflagellata,Craspedida
Hartaetosiga_kampana,Eukaryota,Opisthokonta,Choanoflagellata,Craspedida
Helgoeca_nana,Eukaryota,Opisthokonta,Choanoflagellata,Acanthoecida
Microstomoeca_roanoka,Eukaryota,Opisthokonta,Choanoflagellata,Craspedida
Monosiga_brevicollis,Eukaryota,Opisthokonta,Choanoflagellata,Craspedida
Mylnosiga_fluctuans,Eukaryota,Opisthokonta,Choanoflagellata,Craspedida
Salpingoeca_dolichothecata,Eukaryota,Opisthokonta,Choanoflagellata,Craspedida
Salpingoeca_helianthica,Eukaryota,Opisthokonta,Choanoflagellata,Craspedida
Salpingoeca_infusionum,Eukaryota,Opisthokonta,Choanoflagellata,Craspedida
Salpingoeca_kvevrii,Eukaryota,Opisthokonta,Choanoflagellata,Craspedida
Salpingoeca_macrocollata,Eukaryota,Opisthokonta,Choanoflagellata,Craspedida
Salpingoeca_pyxidium,Eukaryota,Opisthokonta,Choanoflagellata,Craspedida
Salpingoeca_rosetta,Eukaryota,Opisthokonta,Choanoflagellata,Craspedida
Salpingoeca_urceolata,Eukaryota,Opisthokonta,Choanoflagellata,Craspedida
Savillea_parva,Eukaryota,Opisthokonta,Choanoflagellata,Acanthoecida
Stephanoeca_diplocostata,Eukaryota,Opisthokonta,Choanoflagellata,Acanthoecida
Capsaspora_owczarzaki,Eukaryota,Opisthokonta,Filasterea,Capsaspora
Ministeria_vibrans,Eukaryota,Opisthokonta,Filasterea,Ministeria
Acaulospora_morrowiae,Eukaryota,Opisthokonta,Fungi,Glomeromycota
Actinomortierella_wolfii,Eukaryota,Opisthokonta,Fungi,Mortierellomycota
Aestipascuomyces_dupliciliberans,Eukaryota,Opisthokonta,Fungi,chytridiomyceta
Allomyces_arbusculus,Eukaryota,Opisthokonta,Fungi,Blastocladiomycota
Ambispora_gerdemannii,Eukaryota,Opisthokonta,Fungi,Glomeromycota
Amoeboaphelidium_occidentale,Eukaryota,Opisthokonta,Fungi,Aphelidiomycota
Amoeboaphelidium_protococcarum,Eukaryota,Opisthokonta,Fungi,Aphelidiomycota
Anaeromyces_mucronatus,Eukaryota,Opisthokonta,Fungi,chytridiomyceta
Anthracobia_macrocystis,Eukaryota,Opisthokonta,Fungi,Ascomycota
Aphelidium_insulamus,Eukaryota,Opisthokonta,Fungi,Aphelidiomycota
Aphelidium_tribonematis,Eukaryota,Opisthokonta,Fungi,Aphelidiomycota
Apiotrichum_porosum,Eukaryota,Opisthokonta,Fungi,Basidiomycota
Arthrobotrys_flagrans,Eukaryota,Opisthokonta,Fungi,Ascomycota
Ascobolus_immersus,Eukaryota,Opisthokonta,Fungi,Ascomycota
Ascodesmis_nigricans,Eukaryota,Opisthokonta,Fungi,Ascomycota
Ascoidea_rubescens,Eukaryota,Opisthokonta,Fungi,Ascomycota
Aspergillus_fumigatus,Eukaryota,Opisthokonta,Fungi,Ascomycota
Aspergillus_oryzae,Eukaryota,Opisthokonta,Fungi,Ascomycota
Astathelohania_contejeani,Eukaryota,Opisthokonta,Fungi,Microsporidia
Aureobasidium_melanogenum,Eukaryota,Opisthokonta,Fungi,Ascomycota
Bacidia_gigantensis,Eukaryota,Opisthokonta,Fungi,Ascomycota
Basidiobolus_meristosporus,Eukaryota,Opisthokonta,Fungi,Basidiobolomycota
Batrachochytrium_dendrobatidis,Eukaryota,Opisthokonta,Fungi,chytridiomyceta
Bifiguratus_adelaidae,Eukaryota,Opisthokonta,Fungi,Mucoromycota
Binucleata_daphniae,Eukaryota,Opisthokonta,Fungi,Microsporidia
Blastocladiella_emersonii,Eukaryota,Opisthokonta,Fungi,Blastocladiomycota
Blastomyces_dermatitidis,Eukaryota,Opisthokonta,Fungi,Ascomycota
Caecomyces_communis,Eukaryota,Opisthokonta,Fungi,chytridiomyceta
Candida_albicans,Eukaryota,Opisthokonta,Fungi,Ascomycota
Candidozyma_auris,Eukaryota,Opisthokonta,Fungi,Ascomycota
Cantharellus_anzutake,Eukaryota,Opisthokonta,Fungi,Basidiomycota
Catenaria_anguillulae,Eukaryota,Opisthokonta,Fungi,Blastocladiomycota
Caulochytrium_protostelioides,Eukaryota,Opisthokonta,Fungi,chytridiomyceta
Choiromyces_venosus,Eukaryota,Opisthokonta,Fungi,Ascomycota
Cladophialophora_bantiana,Eukaryota,Opisthokonta,Fungi,Ascomycota
Cladosporium_halotolerans,Eukaryota,Opisthokonta,Fungi,Ascomycota
Coccidioides_immitis,Eukaryota,Opisthokonta,Fungi,Ascomycota
Coelomomyces_lativittatus,Eukaryota,Opisthokonta,Fungi,Blastocladiomycota
Coemansia_interrupta,Eukaryota,Opisthokonta,Fungi,Kickxellomycota
Cokeromyces_recurvatus,Eukaryota,Opisthokonta,Fungi,Mucoromycota
Conglomerata_obtusa,Eukaryota,Opisthokonta,Fungi,Microsporidia
Cryptococcus_neoformans,Eukaryota,Opisthokonta,Fungi,Basidiomycota
Cyberlindnera_jadinii,Eukaryota,Opisthokonta,Fungi,Ascomycota
Cyllamyces_aberensis,Eukaryota,Opisthokonta,Fungi,chytridiomyceta
Cystobasidium_minutum,Eukaryota,Opisthokonta,Fungi,Basidiomycota
Dacryopinax_primogenitus,Eukaryota,Opisthokonta,Fungi,Basidiomycota
Dactylella_cylindrospora,Eukaryota,Opisthokonta,Fungi,Ascomycota
Dentiscutata_erythropus,Eukaryota,Opisthokonta,Fungi,Glomeromycota
Didymella_exigua,Eukaryota,Opisthokonta,Fungi,Ascomycota
Dimargaris_cristalligena,Eukaryota,Opisthokonta,Fungi,Kickxellomycota
Disciotis_venosa,Eukaryota,Opisthokonta,Fungi,Ascomycota
Drechslerella_stenobrocha,Eukaryota,Opisthokonta,Fungi,Ascomycota
Elaphomyces_granulatus,Eukaryota,Opisthokonta,Fungi,Ascomycota
Encephalitozoon_cuniculi,Eukaryota,Opisthokonta,Fungi,Microsporidia
Endocarpon_pusillum,Eukaryota,Opisthokonta,Fungi,Ascomycota
Entomophthora_muscae,Eukaryota,Opisthokonta,Fungi,Entomophthoromycota
Epithele_typhae,Eukaryota,Opisthokonta,Fungi,Basidiomycota
Feramyces_austinii,Eukaryota,Opisthokonta,Fungi,chytridiomyceta
Filobasidium_floriforme,Eukaryota,Opisthokonta,Fungi,Basidiomycota
Fimicolochytrium_jonesii,Eukaryota,Opisthokonta,Fungi,chytridiomyceta
Flavoplaca_citrina,Eukaryota,Opisthokonta,Fungi,Ascomycota
Funneliformis_mosseae,Eukaryota,Opisthokonta,Fungi,Glomeromycota
Furculomyces_boomerangus,Eukaryota,Opisthokonta,Fungi,Kickxellomycota
Fusarium_oxysporum,Eukaryota,Opisthokonta,Fungi,Ascomycota
Gamsiella_multidivaricata,Eukaryota,Opisthokonta,Fungi,Mortierellomycota
Geoglossum_simile,Eukaryota,Opisthokonta,Fungi,Ascomycota
Geopyxis_carbonaria,Eukaryota,Opisthokonta,Fungi,Ascomycota
Geosiphon_pyriformis,Eukaryota,Opisthokonta,Fungi,Glomeromycota
Gigaspora_rosea,Eukaryota,Opisthokonta,Fungi,Glomeromycota
Glomus_cerebriforme,Eukaryota,Opisthokonta,Fungi,Glomeromycota
Glugoides_intestinalis,Eukaryota,Opisthokonta,Fungi,Microsporidia
Gyromitra_esculenta,Eukaryota,Opisthokonta,Fungi,Ascomycota
Halteromyces_radiatus,Eukaryota,Opisthokonta,Fungi,Mucoromycota
Hamiltosporidium_magnivora,Eukaryota,Opisthokonta,Fungi,Microsporidia
Helvella_leucopus,Eukaryota,Opisthokonta,Fungi,Ascomycota
Heterobasidion_irregulare,Eukaryota,Opisthokonta,Fungi,Basidiomycota
Icmadophila_ericetorum,Eukaryota,Opisthokonta,Fungi,Ascomycota
Jaminaea_rosea,Eukaryota,Opisthokonta,Fungi,Basidiomycota
Jimgerdemannia_flammicorona,Eukaryota,Opisthokonta,Fungi,Mucoromycota
Kalaharituber_pfeilii,Eukaryota,Opisthokonta,Fungi,Ascomycota
Kickxella_alabastrina,Eukaryota,Opisthokonta,Fungi,Kickxellomycota
Kwoniella_mangroviensis,Eukaryota,Opisthokonta,Fungi,Basidiomycota
Lambiella_insularis,Eukaryota,Opisthokonta,Fungi,Ascomycota
Lentinula_edodes,Eukaryota,Opisthokonta,Fungi,Basidiomycota
Lentinus_tigrinus,Eukaryota,Opisthokonta,Fungi,Basidiomycota
Lithohypha_guttulata,Eukaryota,Opisthokonta,Fungi,Ascomycota
Lobosporangium_transversale,Eukaryota,Opisthokonta,Fungi,Mortierellomycota
Malassezia_globosa,Eukaryota,Opisthokonta,Fungi,Basidiomycota
Massospora_cicadina,Eukaryota,Opisthokonta,Fungi,Entomophthoromycota
Melampsora_larici_populina,Eukaryota,Opisthokonta,Fungi,Basidiomycota
Microbotryum_saponariae,Eukaryota,Opisthokonta,Fungi,Basidiomycota
Microsporum_canis,Eukaryota,Opisthokonta,Fungi,Ascomycota
Mitosporidium_daphniae,Eukaryota,Opisthokonta,Fungi,Microsporidia
Morchella_importuna,Eukaryota,Opisthokonta,Fungi,Ascomycota
Mrakia_frigida,Eukaryota,Opisthokonta,Fungi,Basidiomycota
Mucor_mucedo,Eukaryota,Opisthokonta,Fungi,Mucoromycota
Mycosarcoma_maydis,Eukaryota,Opisthokonta,Fungi,Basidiomycota
Neolecta_irregularis,Eukaryota,Opisthokonta,Fungi,Ascomycota
Neurospora_crassa,Eukaryota,Opisthokonta,Fungi,Ascomycota
Nosema_bombycis,Eukaryota,Opisthokonta,Fungi,Microsporidia
Nucleospora_cyclopteri,Eukaryota,Opisthokonta,Fungi,Microsporidia
Ogataea_angusta,Eukaryota,Opisthokonta,Fungi,Ascomycota
Olpidium_bornovanus,Eukaryota,Opisthokonta,Fungi,Olpidiomycota
Orbilia_oligospora,Eukaryota,Opisthokonta,Fungi,Ascomycota
Ordospora_colligata,Eukaryota,Opisthokonta,Fungi,Microsporidia
Orpinomyces_joyonii,Eukaryota,Opisthokonta,Fungi,chytridiomyceta
Paracoccidioides_brasiliensis,Eukaryota,Opisthokonta,Fungi,Ascomycota
Paraglomus_occultum,Eukaryota,Opisthokonta,Fungi,Glomeromycota
Paragyromitra_infula,Eukaryota,Opisthokonta,Fungi,Ascomycota
Paraphelidium_tribonematis,Eukaryota,Opisthokonta,Fungi,Aphelidiomycota
Paucimyces_polynucleatus,Eukaryota,Opisthokonta,Fungi,chytridiomyceta
Pecoramyces_ruminantium,Eukaryota,Opisthokonta,Fungi,chytridiomyceta
Penicillium_chrysogenum,Eukaryota,Opisthokonta,Fungi,Ascomycota
Peziza_echinospora,Eukaryota,Opisthokonta,Fungi,Ascomycota
Phakopsora_pachyrhizi,Eukaryota,Opisthokonta,Fungi,Basidiomycota
Phenoliferia_psychrophenolica,Eukaryota,Opisthokonta,Fungi,Basidiomycota
Phymatotrichopsis_omnivora,Eukaryota,Opisthokonta,Fungi,Ascomycota
Physcia_stellaris,Eukaryota,Opisthokonta,Fungi,Ascomycota
Piptocephalis_cylindrospora,Eukaryota,Opisthokonta,Fungi,Zoopagomycota
Piromyces_communis,Eukaryota,Opisthokonta,Fungi,chytridiomyceta
Pisolithus_orientalis,Eukaryota,Opisthokonta,Fungi,Basidiomycota
Plectania_melastoma,Eukaryota,Opisthokonta,Fungi,Ascomycota
Plenodomus_lingam,Eukaryota,Opisthokonta,Fungi,Ascomycota
Pleopsidium_flavum,Eukaryota,Opisthokonta,Fungi,Ascomycota
Pneumocystis_carinii,Eukaryota,Opisthokonta,Fungi,Ascomycota
Pneumocystis_wakefieldiae,Eukaryota,Opisthokonta,Fungi,Ascomycota
Podila_humilis,Eukaryota,Opisthokonta,Fungi,Mortierellomycota
Polychytrium_aggregatum,Eukaryota,Opisthokonta,Fungi,chytridiomyceta
Protomyces_lactucae_debilis,Eukaryota,Opisthokonta,Fungi,Ascomycota
Pseudocyphellaria_aurata,Eukaryota,Opisthokonta,Fungi,Ascomycota
Pseudosarcosoma_latahense,Eukaryota,Opisthokonta,Fungi,Ascomycota
Psilocybe_cubensis,Eukaryota,Opisthokonta,Fungi,Basidiomycota
Puccinia_triticina,Eukaryota,Opisthokonta,Fungi,Basidiomycota
Pyronema_domesticum,Eukaryota,Opisthokonta,Fungi,Ascomycota
Rasamsonia_emersonii,Eukaryota,Opisthokonta,Fungi,Ascomycota
Rhizina_undulata,Eukaryota,Opisthokonta,Fungi,Ascomycota
Rhizoctonia_solani,Eukaryota,Opisthokonta,Fungi,Basidiomycota
Rhizophagus_irregularis,Eukaryota,Opisthokonta,Fungi,Glomeromycota
Rhizopus_delemar,Eukaryota,Opisthokonta,Fungi,Mucoromycota
Rhodotorula_graminis,Eukaryota,Opisthokonta,Fungi,Basidiomycota
Rozella_allomycis,Eukaryota,Opisthokonta,Fungi,Rozellomycota
Saccharomyces_cerevisiae,Eukaryota,Opisthokonta,Fungi,Ascomycota
Saitoella_coloradoensis,Eukaryota,Opisthokonta,Fungi,Ascomycota
Saitoella_complicata,Eukaryota,Opisthokonta,Fungi,Ascomycota
Saitozyma_podzolica,Eukaryota,Opisthokonta,Fungi,Basidiomycota
Sarcoscypha_coccinea,Eukaryota,Opisthokonta,Fungi,Ascomycota
Savitreella_phatthalungensis,Eukaryota,Opisthokonta,Fungi,Ascomycota
Schizosaccharomyces_cryophilus,Eukaryota,Opisthokonta,Fungi,Ascomycota
Schizosaccharomyces_pombe,Eukaryota,Opisthokonta,Fungi,Ascomycota
Sphaerosporella_brunnea,Eukaryota,Opisthokonta,Fungi,Ascomycota
Sphaerulina_musiva,Eukaryota,Opisthokonta,Fungi,Ascomycota
Spizellomyces_punctatus,Eukaryota,Opisthokonta,Fungi,chytridiomyceta
Sporobolomyces_koalae,Eukaryota,Opisthokonta,Fungi,Basidiomycota
Stereum_hirsutum,Eukaryota,Opisthokonta,Fungi,Basidiomycota
Suillus_paluster,Eukaryota,Opisthokonta,Fungi,Basidiomycota
Syncephalis_pseudoplumigaleata,Eukaryota,Opisthokonta,Fungi,Zoopagomycota
Synchytrium_microbalum,Eukaryota,Opisthokonta,Fungi,chytridiomyceta
Talaromyces_atroroseus,Eukaryota,Opisthokonta,Fungi,Ascomycota
Taphrina_deformans,Eukaryota,Opisthokonta,Fungi,Ascomycota
Terfezia_claveryi,Eukaryota,Opisthokonta,Fungi,Ascomycota
Thecaphora_frezii,Eukaryota,Opisthokonta,Fungi,Basidiomycota
Thelotrema_lepadinum,Eukaryota,Opisthokonta,Fungi,Ascomycota
Thermoascus_crustaceus,Eukaryota,Opisthokonta,Fungi,Ascomycota
Tieghemiomyces_parasiticus,Eukaryota,Opisthokonta,Fungi,Kickxellomycota
Tilletia_walkeri,Eukaryota,Opisthokonta,Fungi,Basidiomycota
Tirmania_nivea,Eukaryota,Opisthokonta,Fungi,Ascomycota
Trametes_versicolor,Eukaryota,Opisthokonta,Fungi,Basidiomycota
Tricharina_praecox,Eukaryota,Opisthokonta,Fungi,Ascomycota
Trichophaea_hybrida,Eukaryota,Opisthokonta,Fungi,Ascomycota
Trichophyton_rubrum,Eukaryota,Opisthokonta,Fungi,Ascomycota
Tuber_melanosporum,Eukaryota,Opisthokonta,Fungi,Ascomycota
Tubulinosema_ratisbonensis,Eukaryota,Opisthokonta,Fungi,Microsporidia
Umbelopsis_ramanniana,Eukaryota,Opisthokonta,Fungi,Mucoromycota
Umbilicaria_vellea,Eukaryota,Opisthokonta,Fungi,Ascomycota
Uncinocarpus_reesii,Eukaryota,Opisthokonta,Fungi,Ascomycota
Ustilago_hordei,Eukaryota,Opisthokonta,Fungi,Basidiomycota
Vanrija_albida,Eukaryota,Opisthokonta,Fungi,Basidiomycota
Verruconis_gallopava,Eukaryota,Opisthokonta,Fungi,Ascomycota
Wallemia_mellicola,Eukaryota,Opisthokonta,Fungi,Basidiomycota
Westerdykella_ornata,Eukaryota,Opisthokonta,Fungi,Ascomycota
Wickerhamomyces_ciferrii,Eukaryota,Opisthokonta,Fungi,Ascomycota
Wilcoxina_mikolae,Eukaryota,Opisthokonta,Fungi,Ascomycota
Xylaria_bambusicola,Eukaryota,Opisthokonta,Fungi,Ascomycota
Yarrowia_lipolytica,Eukaryota,Opisthokonta,Fungi,Ascomycota
Zychaea_mexicana,Eukaryota,Opisthokonta,Fungi,Mucoromycota
Abeoforma_whisleri,Eukaryota,Opisthokonta,Ichthyosporea,Ichthyophonida
Amoebidium_appalachense,Eukaryota,Opisthokonta,Ichthyosporea,Ichthyophonida
Amoebidium_parasiticum,Eukaryota,Opisthokonta,Ichthyosporea,Ichthyophonida
Creolimax_fragrantissima,Eukaryota,Opisthokonta,Ichthyosporea,Ichthyophonida
Ichthyophonus_hoferi,Eukaryota,Opisthokonta,Ichthyosporea,Ichthyophonida
Ichthyosporea_sp,Eukaryota,Opisthokonta,Ichthyosporea,Ichthyosporea
Pirum_gemmata,Eukaryota,Opisthokonta,Ichthyosporea,Pirum
Sphaeroforma_arctica,Eukaryota,Opisthokonta,Ichthyosporea,Ichthyophonida
Sphaeroforma_gastrica,Eukaryota,Opisthokonta,Ichthyosporea,Ichthyophonida
Sphaeroforma_napiecek,Eukaryota,Opisthokonta,Ichthyosporea,Ichthyophonida
Sphaeroforma_nootkatensis,Eukaryota,Opisthokonta,Ichthyosporea,Ichthyophonida
Sphaeroforma_sirkka,Eukaryota,Opisthokonta,Ichthyosporea,Ichthyophonida
Sphaeroforma_tapetis,Eukaryota,Opisthokonta,Ichthyosporea,Ichthyophonida
Sphaerothecum_destruens,Eukaryota,Opisthokonta,Ichthyosporea,Dermocystida
Corallochytrium_limacisporum,Eukaryota,Opisthokonta,Opisthokonta incertae sedis,Corallochytrium
Tunicaraptor_unikontum,Eukaryota,Opisthokonta,Opisthokonta incertae sedis,Tunicaraptor
Acartia_tonsa,Eukaryota,Opisthokonta,Metazoa,Protostomia
Acropora_millepora,Eukaryota,Opisthokonta,Metazoa,Anthozoa
Actinia_tenebrosa,Eukaryota,Opisthokonta,Metazoa,Anthozoa
Adineta_ricciae,Eukaryota,Opisthokonta,Metazoa,Protostomia
Aiolochroia_crassa,Eukaryota,Opisthokonta,Metazoa,Verongimorpha
Alligator_mississippiensis,Eukaryota,Opisthokonta,Metazoa,Deuterostomia
Amblyomma_americanum,Eukaryota,Opisthokonta,Metazoa,Protostomia
Amphibalanus_amphitrite,Eukaryota,Opisthokonta,Metazoa,Protostomia
Amphimedon_queenslandica,Eukaryota,Opisthokonta,Metazoa,Heteroscleromorpha
Amphiura_filiformis,Eukaryota,Opisthokonta,Metazoa,Deuterostomia
Anneissia_japonica,Eukaryota,Opisthokonta,Metazoa,Deuterostomia
Anolis_carolinensis,Eukaryota,Opisthokonta,Metazoa,Deuterostomia
Anopheles_funestus,Eukaryota,Opisthokonta,Metazoa,Protostomia
Apis_mellifera,Eukaryota,Opisthokonta,Metazoa,Protostomia
Aplysina_aerophoba,Eukaryota,Opisthokonta,Metazoa,Verongimorpha
Apostichopus_japonicus,Eukaryota,Opisthokonta,Metazoa,Deuterostomia
Archispirostreptus_syriacus,Eukaryota,Opisthokonta,Metazoa,Protostomia
Artemia_franciscana,Eukaryota,Opisthokonta,Metazoa,Protostomia
Ascidia_mentula,Eukaryota,Opisthokonta,Metazoa,Deuterostomia
Asterias_rubens,Eukaryota,Opisthokonta,Metazoa,Deuterostomia
Beroe_abyssicola,Eukaryota,Opisthokonta,Metazoa,Nuda
Bolinopsis_microptera,Eukaryota,Opisthokonta,Metazoa,Tentaculata
Bombyx_mori,Eukaryota,Opisthokonta,Metazoa,Protostomia
Bos_taurus,Eukaryota,Opisthokonta,Metazoa,Deuterostomia
Branchiostoma_floridae,Eukaryota,Opisthokonta,Metazoa,Deuterostomia
Branchiostoma_lanceolatum,Eukaryota,Opisthokonta,Metazoa,Deuterostomia
Brugia_malayi,Eukaryota,Opisthokonta,Metazoa,Protostomia
Caenorhabditis_elegans,Eukaryota,Opisthokonta,Metazoa,Protostomia
Canis_lupus_familiaris,Eukaryota,Opisthokonta,Metazoa,Deuterostomia
Capitella_teleta,Eukaryota,Opisthokonta,Metazoa,Protostomia
Carcharodon_carcharias,Eukaryota,Opisthokonta,Metazoa,Deuterostomia
Chamberlinius_hualienensis,Eukaryota,Opisthokonta,Metazoa,Protostomia
Chelonia_mydas,Eukaryota,Opisthokonta,Metazoa,Deuterostomia
Chondrilla_australiensis,Eukaryota,Opisthokonta,Metazoa,Verongimorpha
Cichlidogyrus_casuarinus,Eukaryota,Opisthokonta,Metazoa,Protostomia
Ciona_intestinalis,Eukaryota,Opisthokonta,Metazoa,Deuterostomia
Clytia_hemisphaerica,Eukaryota,Opisthokonta,Metazoa,Hydrozoa
Copula_sivickisi,Eukaryota,Opisthokonta,Metazoa,Cubozoa
Corticium_candelabrum,Eukaryota,Opisthokonta,Metazoa,Homosclerophorida
Crassostrea_virginica,Eukaryota,Opisthokonta,Metazoa,Protostomia
Danaus_plexippus,Eukaryota,Opisthokonta,Metazoa,Protostomia
Danio_rerio,Eukaryota,Opisthokonta,Metazoa,Deuterostomia
Daphnia_magna,Eukaryota,Opisthokonta,Metazoa,Protostomia
Daphnia_pulex,Eukaryota,Opisthokonta,Metazoa,Protostomia
Deiopea_kaloktenota,Eukaryota,Opisthokonta,Metazoa,Tentaculata
Dendrilla_antarctica,Eukaryota,Opisthokonta,Metazoa,Keratosa
Dendronephthya_gigantea,Eukaryota,Opisthokonta,Metazoa,Anthozoa
Dermatophagoides_farinae,Eukaryota,Opisthokonta,Metazoa,Protostomia
Diadema_antillarum,Eukaryota,Opisthokonta,Metazoa,Deuterostomia
Didymodactylos_carnosus,Eukaryota,Opisthokonta,Metazoa,Protostomia
Drosophila_melanogaster,Eukaryota,Opisthokonta,Fungi,Basidiomycota
Dysidea_avara,Eukaryota,Opisthokonta,Metazoa,Keratosa
Echinococcus_granulosus,Eukaryota,Opisthokonta,Metazoa,Protostomia
Emys_orbicularis,Eukaryota,Opisthokonta,Metazoa,Deuterostomia
Ephydatia_muelleri,Eukaryota,Opisthokonta,Metazoa,Heteroscleromorpha
Eupentacta_fraudatrix,Eukaryota,Opisthokonta,Metazoa,Deuterostomia
Exaiptasia_diaphana,Eukaryota,Opisthokonta,Metazoa,Anthozoa
Folsomia_candida,Eukaryota,Opisthokonta,Metazoa,Protostomia
Gallus_gallus,Eukaryota,Opisthokonta,Metazoa,Deuterostomia
Geodia_barretti,Eukaryota,Opisthokonta,Metazoa,Heteroscleromorpha
Halichondria_panicea,Eukaryota,Opisthokonta,Metazoa,Heteroscleromorpha
Halisarca_dujardinii,Eukaryota,Opisthokonta,Metazoa,Verongimorpha
Helobdella_robusta,Eukaryota,Opisthokonta,Metazoa,Protostomia
Hoilungia_hongkongensis,Eukaryota,Opisthokonta,Metazoa,Uniplacotomia
Homarus_americanus,Eukaryota,Opisthokonta,Metazoa,Protostomia
Homo_sapiens,Eukaryota,Opisthokonta,Metazoa,Deuterostomia
Hormiphora_californensis,Eukaryota,Opisthokonta,Metazoa,Tentaculata
Hydra_vulgaris,Eukaryota,Opisthokonta,Metazoa,Hydrozoa
Hydractinia_symbiolongicarpus,Eukaryota,Opisthokonta,Metazoa,Hydrozoa
Ianthella_basta,Eukaryota,Opisthokonta,Metazoa,Verongimorpha
Intoshia_linei,Eukaryota,Opisthokonta,Metazoa,Protostomia
Ixodes_scapularis,Eukaryota,Opisthokonta,Metazoa,Protostomia
Latimeria_chalumnae,Eukaryota,Opisthokonta,Metazoa,Deuterostomia
Lepeophtheirus_salmonis,Eukaryota,Opisthokonta,Metazoa,Protostomia
Limulus_polyphemus,Eukaryota,Opisthokonta,Metazoa,Protostomia
Lineus_longissimus,Eukaryota,Opisthokonta,Metazoa,Protostomia
Lingula_anatina,Eukaryota,Opisthokonta,Metazoa,Protostomia
Liolophura_sinensis,Eukaryota,Opisthokonta,Metazoa,Protostomia
Lottia_gigantea,Eukaryota,Opisthokonta,Metazoa,Protostomia
Lytechinus_pictus,Eukaryota,Opisthokonta,Metazoa,Deuterostomia
Mesodasys_laticaudatus,Eukaryota,Opisthokonta,Metazoa,Protostomia
Mnemiopsis_leidyi,Eukaryota,Opisthokonta,Metazoa,Tentaculata
Mobula_birostris,Eukaryota,Opisthokonta,Metazoa,Deuterostomia
Montipora_capricornis,Eukaryota,Opisthokonta,Metazoa,Anthozoa
Mus_musculus,Eukaryota,Opisthokonta,Metazoa,Deuterostomia
Myxine_glutinosa,Eukaryota,Opisthokonta,Metazoa,Deuterostomia
Myxobolus_squamalis,Eukaryota,Opisthokonta,Metazoa,Myxozoa
Nematostella_vectensis,Eukaryota,Opisthokonta,Metazoa,Anthozoa
Neoechinorhynchus_agilis,Eukaryota,Opisthokonta,Metazoa,Protostomia
Notodromas_monacha,Eukaryota,Opisthokonta,Metazoa,Protostomia
Octopus_bimaculoides,Eukaryota,Opisthokonta,Metazoa,Protostomia
Ocyropsis_maculata,Eukaryota,Opisthokonta,Metazoa,Tentaculata
Oikopleura_dioica,Eukaryota,Opisthokonta,Metazoa,Deuterostomia
Oopsacas_minuta,Eukaryota,Opisthokonta,Metazoa,Hexasterophora
Ornithorhynchus_anatinus,Eukaryota,Opisthokonta,Metazoa,Deuterostomia
Oscarella_lobularis,Eukaryota,Opisthokonta,Metazoa,Homosclerophorida
Panonychus_citri,Eukaryota,Opisthokonta,Metazoa,Protostomia
Paramacrobiotus_metropolitanus,Eukaryota,Opisthokonta,Metazoa,Protostomia
Paramuricea_clavata,Eukaryota,Opisthokonta,Metazoa,Anthozoa
Parasteatoda_tepidariorum,Eukaryota,Opisthokonta,Metazoa,Protostomia
Patiria_miniata,Eukaryota,Opisthokonta,Metazoa,Deuterostomia
Petromyzon_marinus,Eukaryota,Opisthokonta,Metazoa,Deuterostomia
Pheronema_carpenteri,Eukaryota,Opisthokonta,Metazoa,Amphidiscophora
Physeter_macrocephalus,Eukaryota,Opisthokonta,Metazoa,Deuterostomia
Pocillopora_damicornis,Eukaryota,Opisthokonta,Metazoa,Anthozoa
Polymastia_craticia,Eukaryota,Opisthokonta,Metazoa,Heteroscleromorpha
Polypterus_senegalus,Eukaryota,Opisthokonta,Metazoa,Deuterostomia
Pomphorhynchus_laevis,Eukaryota,Opisthokonta,Metazoa,Protostomia
Porites_lutea,Eukaryota,Opisthokonta,Metazoa,Anthozoa
Priapulus_caudatus,Eukaryota,Opisthokonta,Metazoa,Protostomia
Pristionchus_pacificus,Eukaryota,Opisthokonta,Metazoa,Protostomia
Procambarus_clarkii,Eukaryota,Opisthokonta,Metazoa,Protostomia
Protopterus_annectens,Eukaryota,Opisthokonta,Metazoa,Deuterostomia
Ptychodera_flava,Eukaryota,Opisthokonta,Metazoa,Deuterostomia
Pycnogonum_litorale,Eukaryota,Opisthokonta,Metazoa,Protostomia
Ramazzottius_varieornatus,Eukaryota,Opisthokonta,Metazoa,Protostomia
Rhincodon_typus,Eukaryota,Opisthokonta,Metazoa,Deuterostomia
Rhopilema_esculentum,Eukaryota,Opisthokonta,Metazoa,Scyphozoa
Ridgeia_piscesae,Eukaryota,Opisthokonta,Metazoa,Protostomia
Rotaria_magnacalcarata,Eukaryota,Opisthokonta,Metazoa,Protostomia
Saccoglossus_kowalevskii,Eukaryota,Opisthokonta,Metazoa,Deuterostomia
Schistosoma_mansoni,Eukaryota,Opisthokonta,Metazoa,Protostomia
Scolopendra_cingulata,Eukaryota,Opisthokonta,Metazoa,Protostomia
Scutigera_coleoptrata,Eukaryota,Opisthokonta,Metazoa,Protostomia
Scyphidium_australiense,Eukaryota,Opisthokonta,Metazoa,Hexasterophora
Seison_nebaliae,Eukaryota,Opisthokonta,Metazoa,Protostomia
Strix_aluco,Eukaryota,Opisthokonta,Metazoa,Deuterostomia
Strongylocentrotus_purpuratus,Eukaryota,Opisthokonta,Metazoa,Deuterostomia
Sycon_ciliatum,Eukaryota,Opisthokonta,Metazoa,Calcaronea
Tachypleus_tridentatus,Eukaryota,Opisthokonta,Metazoa,Protostomia
Thelohanellus_kitauei,Eukaryota,Opisthokonta,Metazoa,Myxozoa
Tigriopus_californicus,Eukaryota,Opisthokonta,Metazoa,Protostomia
Tribolium_castaneum,Eukaryota,Archaeplastida,Chloroplastida,Embryophyta
Trichinella_spiralis,Eukaryota,Opisthokonta,Metazoa,Protostomia
Trichoplax_adhaerens,Eukaryota,Opisthokonta,Metazoa,Uniplacotomia
Tubulanus_polymorphus,Eukaryota,Opisthokonta,Metazoa,Protostomia
Uloborus_diversus,Eukaryota,Opisthokonta,Metazoa,Protostomia
Vallicula_multiformis,Eukaryota,Opisthokonta,Metazoa,Tentaculata
Varroa_destructor,Eukaryota,Opisthokonta,Metazoa,Protostomia
Velamen_paralellum,Eukaryota,Opisthokonta,Metazoa,Tentaculata
Vipera_berus,Eukaryota,Opisthokonta,Metazoa,Deuterostomia
Walteria_leuckarti,Eukaryota,Opisthokonta,Metazoa,Hexasterophora
Watersipora_subatra,Eukaryota,Opisthokonta,Metazoa,Protostomia
Fonticula_alba,Eukaryota,Opisthokonta,Rotosphaerida,Fonticulaceae
Lithocolla_globosa,Eukaryota,Opisthokonta,Rotosphaerida,Rotosphaerida incertae sedis
Nuclearia_delicatula,Eukaryota,Opisthokonta,Rotosphaerida,Nucleariidae
Nuclearia_pattersoni,Eukaryota,Opisthokonta,Rotosphaerida,Nucleariidae
Nuclearia_thermophila,Eukaryota,Opisthokonta,Rotosphaerida,Nucleariidae
Parvularia_atlantis,Eukaryota,Opisthokonta,Rotosphaerida,Parvularia
Pompholyxophrys_punicea,Eukaryota,Opisthokonta,Rotosphaerida,Rotosphaerida incertae sedis
Pompholyxophrys_sp,Eukaryota,Opisthokonta,Rotosphaerida,Rotosphaerida incertae sedis
Nebulomonas_marisrubri,Eukaryota,Provora,Nebulidia,Nebulidea
Nibbleromonas_arcticus,Eukaryota,Provora,Nibbleridia,Nibbleridea
Nibbleromonas_curacaus,Eukaryota,Provora,Nibbleridia,Nibbleridea
Nibbleromonas_kosolapovi,Eukaryota,Provora,Nibbleridia,Nibbleridea
Nibbleromonas_quarantinus,Eukaryota,Provora,Nibbleridia,Nibbleridea
Ubysseya_fretuma,Eukaryota,Provora,Nibbleridia,Nibbleridea
Lapot_gusevi,Eukaryota,SAR,Rhizaria,Aquavolonida
Abollifer_prolabens,Eukaryota,SAR,Rhizaria,Cercozoa
Allas_sp,Eukaryota,SAR,Rhizaria,Cercozoa
Amorphochlora_amoebiformis,Eukaryota,SAR,Rhizaria,Cercozoa
Aulacantha_scolymantha,Eukaryota,SAR,Rhizaria,Cercozoa
Aulastrum_sp,Eukaryota,SAR,Rhizaria,Cercozoa
Aulographis_cf_stellata,Eukaryota,SAR,Rhizaria,Cercozoa
Aulographis_sp,Eukaryota,SAR,Rhizaria,Cercozoa
Aulokleptes_sp,Eukaryota,SAR,Rhizaria,Cercozoa
Aulosphaeridae_sp,Eukaryota,SAR,Rhizaria,Cercozoa
Auranticordis_sp,Eukaryota,SAR,Rhizaria,Cercozoa
Aurigamonas_solis,Eukaryota,SAR,Rhizaria,Cercozoa
Bigelowiella_longifila,Eukaryota,SAR,Rhizaria,Cercozoa
Bigelowiella_natans,Eukaryota,SAR,Rhizaria,Cercozoa
Brevimastigomonas_motovehiculus,Eukaryota,SAR,Rhizaria,Cercozoa
Brevimastigomonas_motovehiculus_v2,Eukaryota,SAR,Rhizaria,Cercozoa
Castanarium_sp,Eukaryota,SAR,Rhizaria,Cercozoa
Cercomonas_sp,Eukaryota,SAR,Rhizaria,Cercozoa
Cercozoa_sp,Eukaryota,SAR,Rhizaria,Cercozoa
Chlorarachnion_reptans,Eukaryota,SAR,Rhizaria,Cercozoa
Cryomonadida_sp,Eukaryota,SAR,Rhizaria,Cercozoa
Cryothecomonas_aestivalis,Eukaryota,SAR,Rhizaria,Cercozoa
Cryothecomonas_longipes,Eukaryota,SAR,Rhizaria,Cercozoa
Cryothecomonas_sp,Eukaryota,SAR,Rhizaria,Cercozoa
Cyphoderia_sp,Eukaryota,SAR,Rhizaria,Cercozoa
Discocelia_plataet,Eukaryota,SAR,Rhizaria,Cercozoa
Discomonas_sp,Eukaryota,SAR,Rhizaria,Cercozoa
Ebria_sp,Eukaryota,SAR,Rhizaria,Cercozoa
Ebria_tripartita,Eukaryota,SAR,Rhizaria,Cercozoa
Ebriida_sp,Eukaryota,SAR,Rhizaria,Cercozoa
Euglypha_rotunda,Eukaryota,SAR,Rhizaria,Cercozoa
Euglypha_sp,Eukaryota,SAR,Rhizaria,Cercozoa
Filosa_sp,Eukaryota,Opisthokonta,Metazoa,Protostomia
Fisculla_terrestris,Eukaryota,SAR,Rhizaria,Cercozoa
Glissomonadida_sp,Eukaryota,SAR,Rhizaria,Cercozoa
Hedriocystis_pellucida,Eukaryota,SAR,Rhizaria,Cercozoa
Katarium_polorum,Eukaryota,SAR,Rhizaria,Cercozoa
Lirella_bullata,Eukaryota,SAR,Rhizaria,Cercozoa
Lotharella_amoeboformis,Eukaryota,SAR,Rhizaria,Cercozoa
Lotharella_globosa,Eukaryota,SAR,Rhizaria,Cercozoa
Lotharella_oceanica,Eukaryota,SAR,Rhizaria,Cercozoa
Marimonadida_sp,Eukaryota,SAR,Rhizaria,Cercozoa
Norrisiella_sphaerica,Eukaryota,SAR,Rhizaria,Cercozoa
Orciraptor_agilis,Eukaryota,SAR,Rhizaria,Cercozoa
Partenskyella_glossopodia,Eukaryota,SAR,Rhizaria,Cercozoa
Phaeodaria_sp,Eukaryota,SAR,Rhizaria,Cercozoa
Protaspa_sp,Eukaryota,SAR,Rhizaria,Cercozoa
Protaspis_sp_SRP1,Eukaryota,SAR,Rhizaria,Cercozoa
Protocystis_acornis,Eukaryota,SAR,Rhizaria,Cercozoa
Protocystis_cf_acornis,Eukaryota,SAR,Rhizaria,Cercozoa
Protocystis_sp,Eukaryota,SAR,Rhizaria,Cercozoa
Protocystis_triangularis,Eukaryota,SAR,Rhizaria,Cercozoa
Rhogostoma_epiphylla,Eukaryota,SAR,Rhizaria,Cercozoa
Rhogostoma_florae,Eukaryota,SAR,Rhizaria,Cercozoa
Rhogostoma_kappa,Eukaryota,SAR,Rhizaria,Cercozoa
Rhogostoma_karsteni,Eukaryota,SAR,Rhizaria,Cercozoa
Rhogostoma_kyoshii,Eukaryota,SAR,Rhizaria,Cercozoa
Rhogostoma_minus,Eukaryota,SAR,Rhizaria,Cercozoa
Rhogostoma_pseudocylindrica,Eukaryota,SAR,Rhizaria,Cercozoa
Rhogostoma_schuessleri,Eukaryota,SAR,Rhizaria,Cercozoa
Rhogostoma_sp_B3_3_H1,Eukaryota,SAR,Rhizaria,Cercozoa
Rhogostoma_sp_B4_2_H2,Eukaryota,SAR,Rhizaria,Cercozoa
Rhogostoma_tahiri,Eukaryota,SAR,Rhizaria,Cercozoa
Saccharomycomorpha_psychra,Eukaryota,SAR,Rhizaria,Cercozoa
Sandona_sp,Eukaryota,SAR,Rhizaria,Cercozoa
Skiomonadea_sp,Eukaryota,SAR,Rhizaria,Cercozoa
Thaumatomastix_sp,Eukaryota,SAR,Rhizaria,Cercozoa
Thaumatomonadida_sp,Eukaryota,SAR,Rhizaria,Cercozoa
Thecofilosea_sp,Eukaryota,SAR,Rhizaria,Cercozoa
Tremula_cf_longifila,Eukaryota,SAR,Rhizaria,Cercozoa
Ventricleftida_sp,Eukaryota,SAR,Rhizaria,Cercozoa
Ventrifissura_sp,Eukaryota,SAR,Rhizaria,Cercozoa
Verrucomonas_bifida,Eukaryota,SAR,Rhizaria,Cercozoa
Verrucomonas_sp,Eukaryota,SAR,Rhizaria,Cercozoa
Ascetosporea_sp,Eukaryota,SAR,Rhizaria,Endomyxa
Bonamia_ostreae,Eukaryota,SAR,Rhizaria,Endomyxa
Gromiidae_sp,Eukaryota,SAR,Rhizaria,Endomyxa
Leptophrys_vorax,Eukaryota,SAR,Rhizaria,Endomyxa
Marteilia_pararefringens,Eukaryota,SAR,Rhizaria,Endomyxa
Maullinia_ectocarpi,Eukaryota,SAR,Rhizaria,Endomyxa
Mikrocytos_mackini,Eukaryota,SAR,Rhizaria,Endomyxa
Minchinia_chitonis,Eukaryota,SAR,Rhizaria,Endomyxa
Paramarteilia_canceri,Eukaryota,SAR,Rhizaria,Endomyxa
Plasmodiophora_brassicae,Eukaryota,SAR,Rhizaria,Endomyxa
Polymyxa_betae,Eukaryota,SAR,Rhizaria,Endomyxa
Spongospora_subterranea,Eukaryota,SAR,Rhizaria,Endomyxa
Acantharea_sp_A14,Eukaryota,SAR,Rhizaria,Retaria
Acantharea_sp_A22,Eukaryota,SAR,Rhizaria,Retaria
Acantharea_sp_A27,Eukaryota,SAR,Rhizaria,Retaria
Acantharea_sp_A35,Eukaryota,SAR,Rhizaria,Retaria
Acantharea_sp_A9,Eukaryota,SAR,Rhizaria,Retaria
Acantharea_sp_BRW_AA_W,Eukaryota,SAR,Rhizaria,Retaria
Acantharea_sp_F3b,Eukaryota,SAR,Rhizaria,Retaria
Acantharea_sp_GC128842,Eukaryota,SAR,Rhizaria,Retaria
Acantharea_sp_GC128848,Eukaryota,SAR,Rhizaria,Retaria
Acantharea_sp_GC128875,Eukaryota,SAR,Rhizaria,Retaria
Allogromia_arnoldii,Eukaryota,SAR,Rhizaria,Retaria
Ammodiscus_sp,Eukaryota,SAR,Rhizaria,Retaria
Ammonia_beccarii,Eukaryota,SAR,Rhizaria,Retaria
Ammonia_sp,Eukaryota,SAR,Rhizaria,Retaria
Ammonia_veneta,Eukaryota,SAR,Rhizaria,Retaria
Amphisorus_kudakajimaensis,Eukaryota,SAR,Rhizaria,Retaria
Amphistegina_lobifera,Eukaryota,SAR,Rhizaria,Retaria
Amphistegina_sp,Eukaryota,SAR,Rhizaria,Retaria
Aschemonella_monilis,Eukaryota,SAR,Rhizaria,Retaria
Baculogypsina_sphaerulata,Eukaryota,SAR,Rhizaria,Retaria
Bolivina_argentea,Eukaryota,SAR,Rhizaria,Retaria
Bolivina_costata,Eukaryota,SAR,Rhizaria,Retaria
Bolivina_plicata,Eukaryota,SAR,Rhizaria,Retaria
Bolivina_spissa,Eukaryota,SAR,Rhizaria,Retaria
Bolivinella_seminuda,Eukaryota,SAR,Rhizaria,Retaria
Calcarina_gaudichaudii,Eukaryota,SAR,Rhizaria,Retaria
Cancris_carmenensis,Eukaryota,SAR,Rhizaria,Retaria
Cassidulina_limbata,Eukaryota,SAR,Rhizaria,Retaria
Cercozoa_sp_SMB2,Eukaryota,SAR,Rhizaria,Cercozoa
Collozoum_sp,Eukaryota,SAR,Rhizaria,Retaria
Cribrostomoides_crassimargo,Eukaryota,SAR,Rhizaria,Retaria
Cymbaloporetta_bradyi,Eukaryota,SAR,Rhizaria,Retaria
Eggerelloides_scaber,Eukaryota,SAR,Rhizaria,Retaria
Elphidium_macellum,Eukaryota,SAR,Rhizaria,Retaria
Elphidium_margaritaceum,Eukaryota,SAR,Rhizaria,Retaria
Elphidium_sp,Eukaryota,SAR,Rhizaria,Retaria
Eucyrtidium_acuminatum,Eukaryota,SAR,Rhizaria,Retaria
Globigerinella_siphonifera,Eukaryota,SAR,Rhizaria,Retaria
Globigerinoides_ruber,Eukaryota,SAR,Rhizaria,Retaria
Globigerinoides_sacculifer,Eukaryota,SAR,Rhizaria,Retaria
Globobulimina_auriculata,Eukaryota,SAR,Rhizaria,Retaria
Globobulimina_pacifica,Eukaryota,SAR,Rhizaria,Retaria
Globobulimina_sp,Eukaryota,SAR,Rhizaria,Retaria
Globobulimina_turgida,Eukaryota,SAR,Rhizaria,Retaria
Haynesina_germanica,Eukaryota,SAR,Rhizaria,Retaria
Hippocrepina_indivisa,Eukaryota,SAR,Rhizaria,Retaria
Hippocrepinella_alba,Eukaryota,SAR,Rhizaria,Retaria
Hippocrepinella_hirudinea,Eukaryota,SAR,Rhizaria,Retaria
Lithomelissa_setosa,Eukaryota,SAR,Rhizaria,Retaria
Nonionella_auris,Eukaryota,SAR,Rhizaria,Retaria
Nonionella_stella,Eukaryota,SAR,Rhizaria,Retaria
Nonionellina_labradorica,Eukaryota,SAR,Rhizaria,Retaria
Nonionoides_turgida,Eukaryota,SAR,Rhizaria,Retaria
Notodendrodes_hyalinosphaira,Eukaryota,SAR,Rhizaria,Retaria
Psammina_sp,Eukaryota,SAR,Rhizaria,Retaria
Psammophaga_fuegia,Eukaryota,SAR,Rhizaria,Retaria
Psammophaga_sapela,Eukaryota,SAR,Rhizaria,Retaria
Pseudothurammina_limnetis,Eukaryota,SAR,Rhizaria,Retaria
Pseudowebbinella_goesi,Eukaryota,SAR,Rhizaria,Retaria
Quinqueloculina_jagosa,Eukaryota,SAR,Rhizaria,Retaria
Reophax_sp,Eukaryota,SAR,Rhizaria,Retaria
Reticulomyxa_filosa,Eukaryota,SAR,Rhizaria,Retaria
Rosalina_sp,Eukaryota,SAR,Rhizaria,Retaria
Saccamminidae_sp,Eukaryota,SAR,Rhizaria,Retaria
Shinkaiya_lindsayi,Eukaryota,SAR,Rhizaria,Retaria
Sorites_sp,Eukaryota,SAR,Rhizaria,Retaria
Spiroplectammina_sp,Eukaryota,SAR,Rhizaria,Retaria
Sticholonche_zanclea,Eukaryota,SAR,Rhizaria,Retaria
Textularia_pseudogramen,Eukaryota,SAR,Rhizaria,Retaria
Thalassicolla_nucleata,Eukaryota,SAR,Rhizaria,Retaria
Toxisarcon_taimyr,Eukaryota,SAR,Rhizaria,Retaria
Triloculina_sp,Eukaryota,SAR,Rhizaria,Retaria
Trochammina_inflata,Eukaryota,SAR,Rhizaria,Retaria
Trochammina_sp,Eukaryota,SAR,Rhizaria,Retaria
Uvigerina_striata,Eukaryota,SAR,Rhizaria,Retaria
Valvulineria_inflata,Eukaryota,SAR,Rhizaria,Retaria
Hyphochytrium_catenoides,Eukaryota,SAR,Stramenopiles,Hyphochytriomycetes
Glossomastix_chrysoplasta,Eukaryota,SAR,Stramenopiles,Ochrophyta
Phaeomonas_parva,Eukaryota,SAR,Stramenopiles,Ochrophyta
Pinguiococcus_pyrenoidosus,Eukaryota,SAR,Stramenopiles,Ochrophyta
Chattonella_marina,Eukaryota,SAR,Stramenopiles,Ochrophyta
Chattonella_subsalsa,Eukaryota,SAR,Stramenopiles,Ochrophyta
Fibrocapsa_japonica,Eukaryota,SAR,Stramenopiles,Ochrophyta
Gonyostomum_semen,Eukaryota,SAR,Stramenopiles,Ochrophyta
Heterosigma_akashiwo,Eukaryota,SAR,Stramenopiles,Ochrophyta
Chlamydomyxa_montana,Eukaryota,SAR,Stramenopiles,Ochrophyta
Mallomonas_sp,Eukaryota,SAR,Stramenopiles,Ochrophyta
Ochromonadaceae_sp_CCMP2298,Eukaryota,SAR,Stramenopiles,Ochrophyta
Poterioochromonas_malhamensis,Eukaryota,SAR,Stramenopiles,Ochrophyta
Poterioochromonas_sp,Eukaryota,SAR,Stramenopiles,Ochrophyta
Poterioochromonas_sp_DS,Eukaryota,SAR,Stramenopiles,Ochrophyta
Synura_petersenii,Eukaryota,SAR,Stramenopiles,Ochrophyta
Synura_sp_LO234KE,Eukaryota,SAR,Stramenopiles,Ochrophyta
Actinophrys_sol,Eukaryota,SAR,Stramenopiles,Actinophryidae
Actinosphaerium_sp,Eukaryota,SAR,Stramenopiles,Actinophryidae
Acanthoceras_zachariasii,Eukaryota,SAR,Stramenopiles,Ochrophyta
Achnanthes_adnata,Eukaryota,SAR,Stramenopiles,Ochrophyta
Achnanthes_aff_curvirostrum,Eukaryota,SAR,Stramenopiles,Ochrophyta
Achnanthes_kuwaitensis,Eukaryota,SAR,Stramenopiles,Ochrophyta
Achnanthidium_minutissimum,Eukaryota,SAR,Stramenopiles,Ochrophyta
Achnanthidium_sp,Eukaryota,SAR,Stramenopiles,Ochrophyta
Actinocyclus_cf_tenuissimus,Eukaryota,SAR,Stramenopiles,Ochrophyta
Actinocyclus_subtilis,Eukaryota,SAR,Stramenopiles,Ochrophyta
Actinoptychus_splendens,Eukaryota,SAR,Stramenopiles,Ochrophyta
Amphiprora_sp,Eukaryota,SAR,Stramenopiles,Ochrophyta
Amphora_coffeiformis,Eukaryota,SAR,Stramenopiles,Ochrophyta
Amphora_laevissima,Eukaryota,SAR,Stramenopiles,Ochrophyta
Amphora_obtusa_var_crassa,Eukaryota,SAR,Stramenopiles,Ochrophyta
Anorthoneis_sp,Eukaryota,SAR,Stramenopiles,Ochrophyta
Ardissoneopsis_appressata,Eukaryota,SAR,Stramenopiles,Ochrophyta
Astartiella_chunlianlii,Eukaryota,SAR,Stramenopiles,Ochrophyta
Asterionella_formosa,Eukaryota,SAR,Stramenopiles,Ochrophyta
Asterionellopsis_glacialis,Eukaryota,SAR,Stramenopiles,Ochrophyta
Astrosyne_radiata,Eukaryota,SAR,Stramenopiles,Ochrophyta
Attheya_longicornis,Eukaryota,SAR,Stramenopiles,Ochrophyta
Attheya_septentrionalis,Eukaryota,SAR,Stramenopiles,Ochrophyta
Aulacodiscus_kittonii,Eukaryota,SAR,Stramenopiles,Ochrophyta
Aulacoseira_aff_ambigua,Eukaryota,SAR,Stramenopiles,Ochrophyta
Aulacoseira_subarctica,Eukaryota,SAR,Stramenopiles,Ochrophyta
Auricula_intermedia,Eukaryota,SAR,Stramenopiles,Ochrophyta
Bacillaria_paxillifer,Eukaryota,SAR,Stramenopiles,Ochrophyta
Bacterosira_constricta,Eukaryota,SAR,Stramenopiles,Ochrophyta
Bellerochea_horologicalis,Eukaryota,SAR,Stramenopiles,Ochrophyta
Bellerochea_sp,Eukaryota,SAR,Stramenopiles,Ochrophyta
Bellerochea_yucatanensis,Eukaryota,SAR,Stramenopiles,Ochrophyta
Berkeleya_sp,Eukaryota,SAR,Stramenopiles,Ochrophyta
Biddulphiella_tridens,Eukaryota,SAR,Stramenopiles,Ochrophyta
Biremis_ambigua,Eukaryota,SAR,Stramenopiles,Ochrophyta
Brockmanniella_brockmannii,Eukaryota,SAR,Stramenopiles,Ochrophyta
Caloneis_linearis,Eukaryota,SAR,Stramenopiles,Ochrophyta
Campylodiscus_clypeus,Eukaryota,SAR,Stramenopiles,Ochrophyta
Campylosira_cymbelliformis,Eukaryota,SAR,Stramenopiles,Ochrophyta
Castoridens_striata,Eukaryota,SAR,Stramenopiles,Ochrophyta
Cerataulina_dentata,Eukaryota,SAR,Stramenopiles,Ochrophyta
Cerataulina_pelagica,Eukaryota,SAR,Stramenopiles,Ochrophyta
Cerataulus_turgidus,Eukaryota,SAR,Stramenopiles,Ochrophyta
Chaetoceros_affinis,Eukaryota,SAR,Stramenopiles,Ochrophyta
Chaetoceros_brevis,Eukaryota,SAR,Stramenopiles,Ochrophyta
Chaetoceros_constrictus,Eukaryota,SAR,Stramenopiles,Ochrophyta
Chaetoceros_curvisetus,Eukaryota,SAR,Stramenopiles,Ochrophyta
Chaetoceros_danicus,Eukaryota,SAR,Stramenopiles,Ochrophyta
Chaetoceros_debilis,Eukaryota,SAR,Stramenopiles,Ochrophyta
Chaetoceros_decipiens,Eukaryota,SAR,Stramenopiles,Ochrophyta
Chaetoceros_diadema,Eukaryota,SAR,Stramenopiles,Ochrophyta
Chaetoceros_dichaeta,Eukaryota,SAR,Stramenopiles,Ochrophyta
Chaetoceros_didymus,Eukaryota,SAR,Stramenopiles,Ochrophyta
Chaetoceros_muelleri,Eukaryota,SAR,Stramenopiles,Ochrophyta
Chaetoceros_peruvianus,Eukaryota,SAR,Stramenopiles,Ochrophyta
Chaetoceros_protuberans,Eukaryota,SAR,Stramenopiles,Ochrophyta
Chaetoceros_simplex,Eukaryota,SAR,Stramenopiles,Ochrophyta
Chaetoceros_tenuissimus,Eukaryota,SAR,Stramenopiles,Ochrophyta
Cocconeis_neothumensis,Eukaryota,SAR,Stramenopiles,Ochrophyta
Conticribra_guillardii,Eukaryota,SAR,Stramenopiles,Ochrophyta
Conticribra_weissflogii,Eukaryota,SAR,Stramenopiles,Ochrophyta
Corethron_pennatum,Eukaryota,SAR,Stramenopiles,Ochrophyta
Coronia_aff_decora,Eukaryota,SAR,Stramenopiles,Ochrophyta
Coscinodiscus_concinnus,Eukaryota,SAR,Stramenopiles,Ochrophyta
Coscinodiscus_wailesii,Eukaryota,SAR,Stramenopiles,Ochrophyta
Craspedostauros_australis,Eukaryota,SAR,Stramenopiles,Ochrophyta
Craspedostauros_sp,Eukaryota,SAR,Stramenopiles,Ochrophyta
Craticula_ambigua,Eukaryota,SAR,Stramenopiles,Ochrophyta
Ctenophora_pulchella,Eukaryota,Opisthokonta,Metazoa,Ctenophora
Cyclophora_tabellariformis,Eukaryota,SAR,Stramenopiles,Ochrophyta
Cyclophora_tenuis,Eukaryota,SAR,Stramenopiles,Ochrophyta
Cyclostephanos_invisitatus,Eukaryota,SAR,Stramenopiles,Ochrophyta
Cyclotella_baltica,Eukaryota,SAR,Stramenopiles,Ochrophyta
Cyclotella_choctawhatcheeana,Eukaryota,SAR,Stramenopiles,Ochrophyta
Cyclotella_cryptica,Eukaryota,SAR,Stramenopiles,Ochrophyta
Cyclotella_nana,Eukaryota,SAR,Stramenopiles,Ochrophyta
Cyclotella_striata,Eukaryota,SAR,Stramenopiles,Ochrophyta
Cylindrotheca_closterium,Eukaryota,SAR,Stramenopiles,Ochrophyta
Cymatosira_belgica,Eukaryota,SAR,Stramenopiles,Ochrophyta
Cymbella_tumida,Eukaryota,SAR,Stramenopiles,Ochrophyta
Cymbellonitzschia_banzuensis,Eukaryota,SAR,Stramenopiles,Ochrophyta
Dactyliosolen_fragilissimus,Eukaryota,SAR,Stramenopiles,Ochrophyta
Decussiphycus_placenta,Eukaryota,SAR,Stramenopiles,Ochrophyta
Delphineis_minutissima,Eukaryota,SAR,Stramenopiles,Ochrophyta
Denticula_valida,Eukaryota,SAR,Stramenopiles,Ochrophyta
Detonula_confervacea,Eukaryota,SAR,Stramenopiles,Ochrophyta
Detonula_pumila,Eukaryota,SAR,Stramenopiles,Ochrophyta
Diadesmis_confervacea,Eukaryota,SAR,Stramenopiles,Ochrophyta
Diatoma_tenuis,Eukaryota,SAR,Stramenopiles,Ochrophyta
Dimeregramma_cf_minus,Eukaryota,SAR,Stramenopiles,Ochrophyta
Diploneis_parca,Eukaryota,SAR,Stramenopiles,Ochrophyta
Diploneis_smithii,Eukaryota,SAR,Stramenopiles,Ochrophyta
Diprora_haenaensis,Eukaryota,SAR,Stramenopiles,Ochrophyta
Discostella_pseudostelligera,Eukaryota,SAR,Stramenopiles,Ochrophyta
Discostella_stelligera,Eukaryota,SAR,Stramenopiles,Ochrophyta
Discostella_stelligeroides,Eukaryota,SAR,Stramenopiles,Ochrophyta
Ditylum_brightwellii,Eukaryota,SAR,Stramenopiles,Ochrophyta
Donkinia_baltica,Eukaryota,SAR,Stramenopiles,Ochrophyta
Encyonema_lunatum,Eukaryota,SAR,Stramenopiles,Ochrophyta
Encyonopsis_sp,Eukaryota,SAR,Stramenopiles,Ochrophyta
Endictya_oceanica,Eukaryota,SAR,Stramenopiles,Ochrophyta
Entomoneis_paludosa,Eukaryota,SAR,Stramenopiles,Ochrophyta
Entomoneis_sp,Eukaryota,SAR,Stramenopiles,Ochrophyta
Entomoneis_vertebralis,Eukaryota,SAR,Stramenopiles,Ochrophyta
Epithema_clementina,Eukaryota,Archaeplastida,Chloroplastida,Embryophyta
Epithemia_catenata,Eukaryota,SAR,Stramenopiles,Ochrophyta
Epithemia_pelagica,Eukaryota,SAR,Stramenopiles,Ochrophyta
Epithemia_sp,Eukaryota,SAR,Stramenopiles,Ochrophyta
Eucampia_antarctica,Eukaryota,SAR,Stramenopiles,Ochrophyta
Eucampia_cornuta,Eukaryota,SAR,Stramenopiles,Ochrophyta
Eunotia_bilunaris,Eukaryota,SAR,Stramenopiles,Ochrophyta
Eunotia_naegelii,Eukaryota,SAR,Stramenopiles,Ochrophyta
Eunotogramma_lunatum,Eukaryota,SAR,Stramenopiles,Ochrophyta
Extubocellulus_spinifer,Eukaryota,SAR,Stramenopiles,Ochrophyta
Fallacia_pygmaea,Eukaryota,SAR,Stramenopiles,Ochrophyta
Fistulifera_solaris,Eukaryota,SAR,Stramenopiles,Ochrophyta
Florella_pascuensis,Eukaryota,SAR,Stramenopiles,Ochrophyta
Fragilaria_construens,Eukaryota,SAR,Stramenopiles,Ochrophyta
Fragilaria_crotonensis,Eukaryota,SAR,Stramenopiles,Ochrophyta
Fragilaria_radians,Eukaryota,SAR,Stramenopiles,Ochrophyta
Fragilariforma_virescens,Eukaryota,SAR,Stramenopiles,Ochrophyta
Fragilariopsis_cylindrus,Eukaryota,SAR,Stramenopiles,Ochrophyta
Fragilariopsis_kerguelensis,Eukaryota,SAR,Stramenopiles,Ochrophyta
Geissleria_decussis,Eukaryota,SAR,Stramenopiles,Ochrophyta
Gomphonema_graciledictum,Eukaryota,SAR,Stramenopiles,Ochrophyta
Gomphonema_subclavatum,Eukaryota,SAR,Stramenopiles,Ochrophyta
Grammatophora_macilenta,Eukaryota,SAR,Stramenopiles,Ochrophyta
Grammatophora_oceanica,Eukaryota,SAR,Stramenopiles,Ochrophyta
Grammatophora_undulata,Eukaryota,SAR,Stramenopiles,Ochrophyta
Grammonema_striatula,Eukaryota,SAR,Stramenopiles,Ochrophyta
Guinardia_striata,Eukaryota,SAR,Stramenopiles,Ochrophyta
Gyrosigma_fasciola,Eukaryota,SAR,Stramenopiles,Ochrophyta
Haslea_ostrearia,Eukaryota,SAR,Stramenopiles,Ochrophyta
Helicotheca_tamesis,Eukaryota,SAR,Stramenopiles,Ochrophyta
Hemiaulus_sinensis,Eukaryota,SAR,Stramenopiles,Ochrophyta
Hippodonta_sp,Eukaryota,SAR,Stramenopiles,Ochrophyta
Hobaniella_longicruris,Eukaryota,SAR,Stramenopiles,Ochrophyta
Iconella_curvula,Eukaryota,SAR,Stramenopiles,Ochrophyta
Kolbesia_sp,Eukaryota,SAR,Stramenopiles,Ochrophyta
Lauderia_annulata,Eukaryota,SAR,Stramenopiles,Ochrophyta
Leptocylindrus_aporus,Eukaryota,SAR,Stramenopiles,Ochrophyta
Leptocylindrus_danicus,Eukaryota,SAR,Stramenopiles,Ochrophyta
Leyanella_arenaria,Eukaryota,SAR,Stramenopiles,Ochrophyta
Licmophora_graphis,Eukaryota,SAR,Stramenopiles,Ochrophyta
Licmophora_paradoxa,Eukaryota,SAR,Stramenopiles,Ochrophyta
Lineaperpetua_lacustris,Eukaryota,SAR,Stramenopiles,Ochrophyta
Lithodesmium_intricatum,Eukaryota,SAR,Stramenopiles,Ochrophyta
Lithodesmium_undulatum,Eukaryota,SAR,Stramenopiles,Ochrophyta
Lucanicum_concatenatum,Eukaryota,SAR,Stramenopiles,Ochrophyta
Mastodiscus_radiatus,Eukaryota,SAR,Stramenopiles,Ochrophyta
Mastogloia_exigua,Eukaryota,SAR,Stramenopiles,Ochrophyta
Mastogloia_fimbriata,Eukaryota,SAR,Stramenopiles,Ochrophyta
Mayamaea_pseudoterrestris,Eukaryota,SAR,Stramenopiles,Ochrophyta
Mediolabrus_comicus,Eukaryota,SAR,Stramenopiles,Ochrophyta
Melosira_sp,Eukaryota,SAR,Stramenopiles,Ochrophyta
Meridion_circulare,Eukaryota,SAR,Stramenopiles,Ochrophyta
Microtabella_interrupta,Eukaryota,SAR,Stramenopiles,Ochrophyta
Minidiscus_spinulatus,Eukaryota,SAR,Stramenopiles,Ochrophyta
Minidiscus_trioculatus,Eukaryota,SAR,Stramenopiles,Ochrophyta
Minidiscus_variabilis,Eukaryota,SAR,Stramenopiles,Ochrophyta
Minutocellus_polymorphus,Eukaryota,SAR,Stramenopiles,Ochrophyta
Nanofrustulum_shiloi,Eukaryota,SAR,Stramenopiles,Ochrophyta
Nanofrustulum_trainorii,Eukaryota,SAR,Stramenopiles,Ochrophyta
Nanofrustulum_wachnickianum,Eukaryota,SAR,Stramenopiles,Ochrophyta
Navicula_aff_emendata,Eukaryota,SAR,Stramenopiles,Ochrophyta
Navicula_aff_normalis,Eukaryota,SAR,Stramenopiles,Ochrophyta
Navicula_avium,Eukaryota,SAR,Stramenopiles,Ochrophyta
Navicula_cryptocephala,Eukaryota,SAR,Stramenopiles,Ochrophyta
Navicula_peregrina,Eukaryota,SAR,Stramenopiles,Ochrophyta
Navicula_platyventris,Eukaryota,SAR,Stramenopiles,Ochrophyta
Navicula_pseudotenelloides,Eukaryota,SAR,Stramenopiles,Ochrophyta
Navicula_radiosa,Eukaryota,SAR,Stramenopiles,Ochrophyta
Navicula_rusticensis,Eukaryota,SAR,Stramenopiles,Ochrophyta
Navicula_salinarum,Eukaryota,SAR,Stramenopiles,Ochrophyta
Navicula_sp,Eukaryota,SAR,Stramenopiles,Ochrophyta
Navicula_veneta,Eukaryota,SAR,Stramenopiles,Ochrophyta
Naviculales_sp_RCC2677,Eukaryota,SAR,Stramenopiles,Ochrophyta
Neidium_longiceps,Eukaryota,SAR,Stramenopiles,Ochrophyta
Neobrightwellia_alternans,Eukaryota,SAR,Stramenopiles,Ochrophyta
Neobrightwellia_sculpta,Eukaryota,SAR,Stramenopiles,Ochrophyta
Neodelphineis_silenda,Eukaryota,SAR,Stramenopiles,Ochrophyta
Neofragilaria_nicobarica,Eukaryota,SAR,Stramenopiles,Ochrophyta
Nitzschia_captiva,Eukaryota,SAR,Stramenopiles,Ochrophyta
Nitzschia_cf_biundulata,Eukaryota,SAR,Stramenopiles,Ochrophyta
Nitzschia_frigida,Eukaryota,SAR,Stramenopiles,Ochrophyta
Nitzschia_inconspicua,Eukaryota,SAR,Stramenopiles,Ochrophyta
Nitzschia_laevis,Eukaryota,SAR,Stramenopiles,Ochrophyta
Nitzschia_palea,Eukaryota,SAR,Stramenopiles,Ochrophyta
Nitzschia_perminuta,Eukaryota,SAR,Stramenopiles,Ochrophyta
Nitzschia_putrida,Eukaryota,SAR,Stramenopiles,Ochrophyta
Nitzschia_sp_Nitz4,Eukaryota,SAR,Stramenopiles,Ochrophyta
Odontella_aurita,Eukaryota,SAR,Stramenopiles,Ochrophyta
Odontella_turgida,Eukaryota,SAR,Stramenopiles,Ochrophyta
Opephora_pacifica,Eukaryota,SAR,Stramenopiles,Ochrophyta
Orizaformis_holarctica,Eukaryota,SAR,Stramenopiles,Ochrophyta
Orthoseira_roeseana,Eukaryota,SAR,Stramenopiles,Ochrophyta
Papiliocellulus_elegans,Eukaryota,SAR,Stramenopiles,Ochrophyta
Paralia_ehrmanii,Eukaryota,SAR,Stramenopiles,Ochrophyta
Paralia_guyana,Eukaryota,SAR,Stramenopiles,Ochrophyta
Paralia_longispina,Eukaryota,SAR,Stramenopiles,Ochrophyta
Phaeodactylum_tricornutum,Eukaryota,SAR,Stramenopiles,Ochrophyta
Pinnularia_borealis,Eukaryota,SAR,Stramenopiles,Ochrophyta
Plagiogramma_minus,Eukaryota,SAR,Stramenopiles,Ochrophyta
Plagiogramma_tenuistriatum,Eukaryota,SAR,Stramenopiles,Ochrophyta
Plagiolemma_sp,Eukaryota,SAR,Stramenopiles,Ochrophyta
Plagiostriata_baltica,Eukaryota,SAR,Stramenopiles,Ochrophyta
Planktoniella_sol,Eukaryota,SAR,Stramenopiles,Ochrophyta
Planktoniella_tubulata,Eukaryota,SAR,Stramenopiles,Ochrophyta
Planothidium_frequentissimum,Eukaryota,SAR,Stramenopiles,Ochrophyta
Planothidium_lanceolatum,Eukaryota,SAR,Stramenopiles,Ochrophyta
Pleurosigma_sp,Eukaryota,SAR,Stramenopiles,Ochrophyta
Pleurosira_laevis,Eukaryota,SAR,Stramenopiles,Ochrophyta
Podocystis_spathulata,Eukaryota,SAR,Stramenopiles,Ochrophyta
Podosira_baldjickiana,Eukaryota,SAR,Stramenopiles,Ochrophyta
Podosira_stelligera,Eukaryota,SAR,Stramenopiles,Ochrophyta
Porosira_glacialis,Eukaryota,SAR,Stramenopiles,Ochrophyta
Porosira_pseudodenticulata,Eukaryota,SAR,Stramenopiles,Ochrophyta
Proboscia_alata,Eukaryota,SAR,Stramenopiles,Ochrophyta
Proboscia_inermis,Eukaryota,SAR,Stramenopiles,Ochrophyta
Proschkinia_complanatoides,Eukaryota,SAR,Stramenopiles,Ochrophyta
Protokeelia_bassonii,Eukaryota,SAR,Stramenopiles,Ochrophyta
Psammodictyon_panduriforme,Eukaryota,SAR,Stramenopiles,Ochrophyta
Psammoneis_japonica,Eukaryota,SAR,Stramenopiles,Ochrophyta
Psammotaenia_lanceolata,Eukaryota,SAR,Stramenopiles,Ochrophyta
Pseudauliscus_ralfsianus,Eukaryota,SAR,Stramenopiles,Ochrophyta
Pseudictyota_bicornis,Eukaryota,SAR,Stramenopiles,Ochrophyta
Pseudictyota_dubia,Eukaryota,SAR,Stramenopiles,Ochrophyta
Pseudo_nitzschia_arenysensis,Eukaryota,Opisthokonta,Metazoa,Protostomia
Pseudo_nitzschia_australis,Eukaryota,Opisthokonta,Metazoa,Protostomia
Pseudo_nitzschia_delicatissima,Eukaryota,Opisthokonta,Metazoa,Protostomia
Pseudo_nitzschia_fraudulenta,Eukaryota,Opisthokonta,Metazoa,Protostomia
Pseudo_nitzschia_fryxelliana,Eukaryota,Opisthokonta,Metazoa,Protostomia
Pseudo_nitzschia_galaxiae,Eukaryota,Opisthokonta,Metazoa,Protostomia
Pseudo_nitzschia_granii,Eukaryota,Opisthokonta,Metazoa,Protostomia
Pseudo_nitzschia_heimii,Eukaryota,Opisthokonta,Metazoa,Protostomia
Pseudo_nitzschia_mannii,Eukaryota,Opisthokonta,Metazoa,Protostomia
Pseudo_nitzschia_multistriata,Eukaryota,Opisthokonta,Metazoa,Protostomia
Pseudo_nitzschia_pungens,Eukaryota,Opisthokonta,Metazoa,Protostomia
Pseudo_nitzschia_turgidula,Eukaryota,Opisthokonta,Metazoa,Protostomia
Pseudoleyanella_lunata,Eukaryota,SAR,Stramenopiles,Ochrophyta
Pseudosolenia_calcar_avis,Eukaryota,SAR,Stramenopiles,Ochrophyta
Pseudostriatella_oceanica,Eukaryota,SAR,Stramenopiles,Ochrophyta
Punctastriata_cf_glubokoensis,Eukaryota,SAR,Stramenopiles,Ochrophyta
Ralfsiella_minima,Eukaryota,SAR,Stramenopiles,Ochrophyta
Rhabdonema_adriaticum,Eukaryota,SAR,Stramenopiles,Ochrophyta
Rhizosolenia_imbricata,Eukaryota,SAR,Stramenopiles,Ochrophyta
Rhoikoneis_pagoensis,Eukaryota,SAR,Stramenopiles,Ochrophyta
Roundia_cardiophora,Eukaryota,SAR,Stramenopiles,Ochrophyta
Schizostauron_rawaii,Eukaryota,SAR,Stramenopiles,Ochrophyta
Sellaphora_capitata,Eukaryota,SAR,Stramenopiles,Ochrophyta
Seminavis_robusta,Eukaryota,SAR,Stramenopiles,Ochrophyta
Serratifera_varisterna,Eukaryota,SAR,Stramenopiles,Ochrophyta
Skeletonema_ardens,Eukaryota,SAR,Stramenopiles,Ochrophyta
Skeletonema_costatum,Eukaryota,SAR,Stramenopiles,Ochrophyta
Skeletonema_grethae,Eukaryota,SAR,Stramenopiles,Ochrophyta
Skeletonema_grevillei,Eukaryota,SAR,Stramenopiles,Ochrophyta
Skeletonema_japonicum,Eukaryota,SAR,Stramenopiles,Ochrophyta
Skeletonema_menzelii,Eukaryota,SAR,Stramenopiles,Ochrophyta
Skeletonema_pseudocostatum,Eukaryota,SAR,Stramenopiles,Ochrophyta
Skeletonema_subsalsum,Eukaryota,SAR,Stramenopiles,Ochrophyta
Skeletonema_tropicum,Eukaryota,SAR,Stramenopiles,Ochrophyta
Stauroneis_aff_submarina,Eukaryota,SAR,Stramenopiles,Ochrophyta
Stauroneis_constricta,Eukaryota,SAR,Stramenopiles,Ochrophyta
Stauroneis_gracilis,Eukaryota,SAR,Stramenopiles,Ochrophyta
Staurosira_sp,Eukaryota,SAR,Stramenopiles,Ochrophyta
Staurotropis_americana,Eukaryota,SAR,Stramenopiles,Ochrophyta
Stellarima_microtrias,Eukaryota,SAR,Stramenopiles,Ochrophyta
Stephanodiscus_binderanus,Eukaryota,SAR,Stramenopiles,Ochrophyta
Stephanodiscus_minutulus,Eukaryota,SAR,Stramenopiles,Ochrophyta
Stephanodiscus_triporus,Eukaryota,SAR,Stramenopiles,Ochrophyta
Stephanopyxis_palmeriana,Eukaryota,SAR,Stramenopiles,Ochrophyta
Stephanopyxis_turris,Eukaryota,SAR,Stramenopiles,Ochrophyta
Sternimirus_shandongensis,Eukaryota,SAR,Stramenopiles,Ochrophyta
Stoermeria_americana,Eukaryota,SAR,Stramenopiles,Ochrophyta
Striatella_unipunctata,Eukaryota,SAR,Stramenopiles,Ochrophyta
Sundstroemia_setigera,Eukaryota,SAR,Stramenopiles,Ochrophyta
Surirella_striatula,Eukaryota,SAR,Stramenopiles,Ochrophyta
Synedra_fragilarioides,Eukaryota,SAR,Stramenopiles,Ochrophyta
Synedropsis_cf_recta,Eukaryota,SAR,Stramenopiles,Ochrophyta
Tabellaria_flocculosa,Eukaryota,SAR,Stramenopiles,Ochrophyta
Tabularia_fasciculata,Eukaryota,SAR,Stramenopiles,Ochrophyta
Talaroneis_posidoniae,Eukaryota,SAR,Stramenopiles,Ochrophyta
Tenuicylindrus_belgicus,Eukaryota,SAR,Stramenopiles,Ochrophyta
Tetramphora_fontinalis,Eukaryota,SAR,Stramenopiles,Ochrophyta
Thalassionema_frauenfeldii,Eukaryota,SAR,Stramenopiles,Ochrophyta
Thalassionema_nitzschioides,Eukaryota,SAR,Stramenopiles,Ochrophyta
Thalassiophysa_hyalina,Eukaryota,SAR,Stramenopiles,Ochrophyta
Thalassiosira_allenii,Eukaryota,SAR,Stramenopiles,Ochrophyta
Thalassiosira_antarctica,Eukaryota,SAR,Stramenopiles,Ochrophyta
Thalassiosira_bioculata,Eukaryota,SAR,Stramenopiles,Ochrophyta
Thalassiosira_delicatula,Eukaryota,SAR,Stramenopiles,Ochrophyta
Thalassiosira_diporocyclus,Eukaryota,SAR,Stramenopiles,Ochrophyta
Thalassiosira_gravida,Eukaryota,SAR,Stramenopiles,Ochrophyta
Thalassiosira_livingstoniorum,Eukaryota,SAR,Stramenopiles,Ochrophyta
Thalassiosira_mediterranea,Eukaryota,SAR,Stramenopiles,Ochrophyta
Thalassiosira_minima,Eukaryota,SAR,Stramenopiles,Ochrophyta
Thalassiosira_minuscula,Eukaryota,SAR,Stramenopiles,Ochrophyta
Thalassiosira_nordenskioeldii,Eukaryota,SAR,Stramenopiles,Ochrophyta
Thalassiosira_oceanica,Eukaryota,SAR,Stramenopiles,Ochrophyta
Thalassiosira_ordinaria,Eukaryota,SAR,Stramenopiles,Ochrophyta
Thalassiosira_pacifica,Eukaryota,SAR,Stramenopiles,Ochrophyta
Thalassiosira_pseudonana,Eukaryota,SAR,Stramenopiles,Ochrophyta
Thalassiosira_punctigera,Eukaryota,SAR,Stramenopiles,Ochrophyta
Thalassiosira_rotula,Eukaryota,SAR,Stramenopiles,Ochrophyta
Thalassiosira_tumida,Eukaryota,SAR,Stramenopiles,Ochrophyta
Thalassiothrix_antarctica,Eukaryota,SAR,Stramenopiles,Ochrophyta
Toxarium_hennedyanum,Eukaryota,SAR,Stramenopiles,Ochrophyta
Triceratium_pentacrinus,Eukaryota,SAR,Stramenopiles,Ochrophyta
Trieres_chinensis,Eukaryota,SAR,Stramenopiles,Ochrophyta
Trigonium_formosum,Eukaryota,SAR,Stramenopiles,Ochrophyta
Tryblionella_apiculata,Eukaryota,SAR,Stramenopiles,Ochrophyta
Tryblionella_coarctata,Eukaryota,SAR,Stramenopiles,Ochrophyta
Tryblionella_compressa,Eukaryota,SAR,Stramenopiles,Ochrophyta
Tryblionella_levidensis,Eukaryota,SAR,Stramenopiles,Ochrophyta
Ulnaria_acus,Eukaryota,SAR,Stramenopiles,Ochrophyta
Ulnaria_contracta,Eukaryota,SAR,Stramenopiles,Ochrophyta
Urosolenia_eriensis,Eukaryota,SAR,Stramenopiles,Ochrophyta
Bolidomonas_sp,Eukaryota,SAR,Stramenopiles,Ochrophyta
Parmales_sp,Eukaryota,SAR,Stramenopiles,Ochrophyta
Tetraparma_gracilis,Eukaryota,SAR,Stramenopiles,Ochrophyta
Triparma_laevis_f_inornata,Eukaryota,SAR,Stramenopiles,Ochrophyta
Triparma_pacifica,Eukaryota,SAR,Stramenopiles,Ochrophyta
Triparma_strigata,Eukaryota,SAR,Stramenopiles,Ochrophyta
Triparma_verrucosa,Eukaryota,SAR,Stramenopiles,Ochrophyta
Chromulina_chionophilia,Eukaryota,SAR,Stramenopiles,Ochrophyta
Chromulina_nebulosa,Eukaryota,SAR,Stramenopiles,Ochrophyta
Chrysamoeba_radians,Eukaryota,SAR,Stramenopiles,Ochrophyta
Chrysosaccus_sp,Eukaryota,SAR,Stramenopiles,Ochrophyta
Chrysoxys_sp,Eukaryota,SAR,Stramenopiles,Ochrophyta
Dinobryon_divergens,Eukaryota,SAR,Stramenopiles,Ochrophyta
Dinobryon_faculiferum,Eukaryota,SAR,Stramenopiles,Ochrophyta
Dinobryon_sp_FU22KAK,Eukaryota,SAR,Stramenopiles,Ochrophyta
Dinobryon_sp_LO226KS,Eukaryota,SAR,Stramenopiles,Ochrophyta
Epipyxis_sp,Eukaryota,SAR,Stramenopiles,Ochrophyta
Hydrurus_foetidus,Eukaryota,SAR,Stramenopiles,Ochrophyta
Hydrurus_sp,Eukaryota,SAR,Stramenopiles,Ochrophyta
Kremastochrysopsis_austriaca,Eukaryota,SAR,Stramenopiles,Ochrophyta
Ochromonas_danica,Eukaryota,SAR,Stramenopiles,Ochrophyta
Ochromonas_gloeopara,Eukaryota,SAR,Stramenopiles,Ochrophyta
Ochromonas_sp_CCMP1393,Eukaryota,SAR,Stramenopiles,Ochrophyta
Ochromonas_triangulata,Eukaryota,SAR,Stramenopiles,Ochrophyta
Paraphysomonas_bandaiensis,Eukaryota,SAR,Stramenopiles,Ochrophyta
Paraphysomonas_imperforata,Eukaryota,SAR,Stramenopiles,Ochrophyta
Paraphysomonas_longispina,Eukaryota,SAR,Stramenopiles,Ochrophyta
Paraphysomonas_sp,Eukaryota,SAR,Stramenopiles,Ochrophyta
Paraphysomonas_vestita,Eukaryota,SAR,Stramenopiles,Ochrophyta
Pedospumella_encystans,Eukaryota,SAR,Stramenopiles,Ochrophyta
Phaeobotrys_solitaria,Eukaryota,SAR,Stramenopiles,Ochrophyta
Poteriospumella_lacustris,Eukaryota,SAR,Stramenopiles,Ochrophyta
Spumella_elongata,Eukaryota,SAR,Stramenopiles,Ochrophyta
Spumella_sp_AR4D6,Eukaryota,SAR,Stramenopiles,Ochrophyta
Spumella_vulgaris,Eukaryota,SAR,Stramenopiles,Ochrophyta
Uroglena_sp,Eukaryota,SAR,Stramenopiles,Ochrophyta
Cubaremonas_variflagellatum,Eukaryota,SAR,Stramenopiles,Developea
Develocanicus_komovi,Eukaryota,SAR,Stramenopiles,Developea
Develocanicus_vyazemskyi,Eukaryota,SAR,Stramenopiles,Developea
Develocauda_condao,Eukaryota,SAR,Stramenopiles,Developea
Developayella_elegans,Eukaryota,SAR,Stramenopiles,Developea
Mediocremonas_mediterraneus,Eukaryota,SAR,Stramenopiles,Developea
Apedinella_radians,Eukaryota,SAR,Stramenopiles,Ochrophyta
Dictyocha_speculum,Eukaryota,SAR,Stramenopiles,Ochrophyta
Florenciella_parvula,Eukaryota,SAR,Stramenopiles,Ochrophyta
Florenciella_sp,Eukaryota,SAR,Stramenopiles,Ochrophyta
Mesopedinella_arctica,Eukaryota,SAR,Stramenopiles,Ochrophyta
Pedinella_sp,Eukaryota,SAR,Stramenopiles,Ochrophyta
Pseudopedinella_elastica,Eukaryota,SAR,Stramenopiles,Ochrophyta
Pteridomonas_danica,Eukaryota,SAR,Stramenopiles,Ochrophyta
Rhizochromulina_marina,Eukaryota,SAR,Stramenopiles,Ochrophyta
Monodopsis_subterranea,Eukaryota,SAR,Stramenopiles,Ochrophyta
Nannochloropsis_gaditana,Eukaryota,SAR,Stramenopiles,Ochrophyta
Nannochloropsis_oculata,Eukaryota,SAR,Stramenopiles,Ochrophyta
Nannochloropsis_salina,Eukaryota,SAR,Stramenopiles,Ochrophyta
Nannochloropsis_sp,Eukaryota,SAR,Stramenopiles,Ochrophyta
Pseudellipsoidion_sp,Eukaryota,SAR,Stramenopiles,Ochrophyta
Pseudostaurastrum_enorme,Eukaryota,SAR,Stramenopiles,Ochrophyta
Trachydiscus_minutus,Eukaryota,SAR,Stramenopiles,Ochrophyta
Vacuoliviride_crystalliferum,Eukaryota,SAR,Stramenopiles,Ochrophyta
Vischeria_cf_polyphem,Eukaryota,SAR,Stramenopiles,Ochrophyta
Vischeria_punctata,Eukaryota,SAR,Stramenopiles,Ochrophyta
Vischeria_stellata,Eukaryota,SAR,Stramenopiles,Ochrophyta
Vischeria_vischeri,Eukaryota,SAR,Stramenopiles,Ochrophyta
Mastreximonas_tlaamin,Eukaryota,SAR,Stramenopiles,Bigyra
Platysulcus_tardus,Eukaryota,SAR,Stramenopiles,Stramenopiles incertae sedis
Vomastramonas_tehuelche,Eukaryota,SAR,Stramenopiles,Bigyra
Aplanochytrium_stocchinoi,Eukaryota,SAR,Stramenopiles,Bigyra
Aurantiochytrium_limacinum,Eukaryota,SAR,Stramenopiles,Bigyra
Aurantiochytrium_sp_R2,Eukaryota,SAR,Stramenopiles,Bigyra
Botryochytrium_sp,Eukaryota,SAR,Stramenopiles,Bigyra
Oblongichytrium_sp,Eukaryota,SAR,Stramenopiles,Bigyra
Parietichytrium_sp,Eukaryota,SAR,Stramenopiles,Bigyra
Schizochytrium_aggregatum,Eukaryota,SAR,Stramenopiles,Bigyra
Schizochytrium_mangrovei,Eukaryota,SAR,Stramenopiles,Bigyra
Schizochytrium_sp,Eukaryota,SAR,Stramenopiles,Bigyra
Thraustochytrium_aureum,Eukaryota,SAR,Stramenopiles,Bigyra
Thraustochytrium_sp,Eukaryota,SAR,Stramenopiles,Bigyra
Olisthodiscus_luteus,Eukaryota,SAR,Stramenopiles,Ochrophyta
Olisthodiscus_tomasii,Eukaryota,SAR,Stramenopiles,Ochrophyta
Albugo_candida,Eukaryota,SAR,Stramenopiles,Oomycota
Albugo_laibachii,Eukaryota,SAR,Stramenopiles,Oomycota
Aphanomyces_astaci,Eukaryota,SAR,Stramenopiles,Oomycota
Aphanomyces_cochlioides,Eukaryota,SAR,Stramenopiles,Oomycota
Aphanomyces_invadans,Eukaryota,SAR,Stramenopiles,Oomycota
Aphanomyces_mitsuba,Eukaryota,SAR,Stramenopiles,Oomycota
Aphanomyces_stellatus,Eukaryota,SAR,Stramenopiles,Oomycota
Bremia_lactucae,Eukaryota,SAR,Stramenopiles,Oomycota
Globisporangium_huanghuaiense,Eukaryota,SAR,Stramenopiles,Oomycota
Globisporangium_spinosum,Eukaryota,SAR,Stramenopiles,Oomycota
Globisporangium_splendens,Eukaryota,SAR,Stramenopiles,Oomycota
Globisporangium_terrestre,Eukaryota,SAR,Stramenopiles,Oomycota
Globisporangium_ultimum,Eukaryota,SAR,Stramenopiles,Oomycota
Hyaloperonospora_arabidopsidis,Eukaryota,SAR,Stramenopiles,Oomycota
Hyaloperonospora_brassicae,Eukaryota,SAR,Stramenopiles,Oomycota
Lagenidium_giganteum,Eukaryota,SAR,Stramenopiles,Oomycota
Nothophytophthora_sp,Eukaryota,SAR,Stramenopiles,Oomycota
Peronosclerospora_sorghi,Eukaryota,SAR,Stramenopiles,Oomycota
Peronospora_belbahrii,Eukaryota,SAR,Stramenopiles,Oomycota
Peronospora_destructor,Eukaryota,SAR,Stramenopiles,Oomycota
Peronospora_effusa,Eukaryota,SAR,Stramenopiles,Oomycota
Peronospora_farinosa,Eukaryota,SAR,Stramenopiles,Oomycota
Peronospora_tabacina,Eukaryota,SAR,Stramenopiles,Oomycota
Phytophthora_agathidicida,Eukaryota,SAR,Stramenopiles,Oomycota
Phytophthora_aleatoria,Eukaryota,SAR,Stramenopiles,Oomycota
Phytophthora_boehmeriae,Eukaryota,SAR,Stramenopiles,Oomycota
Phytophthora_brassicae,Eukaryota,SAR,Stramenopiles,Oomycota
Phytophthora_cactorum,Eukaryota,SAR,Stramenopiles,Oomycota
Phytophthora_capsici,Eukaryota,SAR,Stramenopiles,Oomycota
Phytophthora_cinnamomi,Eukaryota,SAR,Stramenopiles,Oomycota
Phytophthora_citrophthora,Eukaryota,SAR,Stramenopiles,Oomycota
Phytophthora_condilina,Eukaryota,SAR,Stramenopiles,Oomycota
Phytophthora_europaea,Eukaryota,SAR,Stramenopiles,Oomycota
Phytophthora_foliorum,Eukaryota,SAR,Stramenopiles,Oomycota
Phytophthora_fragariae,Eukaryota,SAR,Stramenopiles,Oomycota
Phytophthora_fragariaefolia,Eukaryota,SAR,Stramenopiles,Oomycota
Phytophthora_hibernalis,Eukaryota,SAR,Stramenopiles,Oomycota
Phytophthora_infestans,Eukaryota,SAR,Stramenopiles,Oomycota
Phytophthora_kernoviae,Eukaryota,SAR,Stramenopiles,Oomycota
Phytophthora_litchii,Eukaryota,SAR,Stramenopiles,Oomycota
Phytophthora_meadii,Eukaryota,SAR,Stramenopiles,Oomycota
Phytophthora_melonis,Eukaryota,SAR,Stramenopiles,Oomycota
Phytophthora_mirabilis,Eukaryota,SAR,Stramenopiles,Oomycota
Phytophthora_nicotianae,Eukaryota,SAR,Stramenopiles,Oomycota
Phytophthora_niederhauseri,Eukaryota,SAR,Stramenopiles,Oomycota
Phytophthora_palmivora,Eukaryota,SAR,Stramenopiles,Oomycota
Phytophthora_parvispora,Eukaryota,SAR,Stramenopiles,Oomycota
Phytophthora_pini,Eukaryota,SAR,Stramenopiles,Oomycota
Phytophthora_pisi,Eukaryota,SAR,Stramenopiles,Oomycota
Phytophthora_pistaciae,Eukaryota,SAR,Stramenopiles,Oomycota
Phytophthora_plurivora,Eukaryota,SAR,Stramenopiles,Oomycota
Phytophthora_ramorum,Eukaryota,SAR,Stramenopiles,Oomycota
Phytophthora_rubi,Eukaryota,SAR,Stramenopiles,Oomycota
Phytophthora_sojae,Eukaryota,SAR,Stramenopiles,Oomycota
Phytophthora_syringae,Eukaryota,SAR,Stramenopiles,Oomycota
Phytophthora_theobromicola,Eukaryota,SAR,Stramenopiles,Oomycota
Phytophthora_uliginosa,Eukaryota,SAR,Stramenopiles,Oomycota
Phytophthora_vignae,Eukaryota,SAR,Stramenopiles,Oomycota
Plasmopara_halstedii,Eukaryota,SAR,Stramenopiles,Oomycota
Plasmopara_viticola,Eukaryota,SAR,Stramenopiles,Oomycota
Pseudoperonospora_cubensis,Eukaryota,SAR,Stramenopiles,Oomycota
Pseudoperonospora_humuli,Eukaryota,SAR,Stramenopiles,Oomycota
Pythium_aphanidermatum,Eukaryota,SAR,Stramenopiles,Oomycota
Pythium_insidiosum,Eukaryota,SAR,Stramenopiles,Oomycota
Pythium_myriotylum,Eukaryota,SAR,Stramenopiles,Oomycota
Pythium_oligandrum,Eukaryota,SAR,Stramenopiles,Oomycota
Pythium_periplocum,Eukaryota,SAR,Stramenopiles,Oomycota
Salisapilia_sapeloensis,Eukaryota,SAR,Stramenopiles,Oomycota
Saprolegnia_diclina,Eukaryota,SAR,Stramenopiles,Oomycota
Saprolegnia_parasitica,Eukaryota,SAR,Stramenopiles,Oomycota
Sclerospora_graminicola,Eukaryota,SAR,Stramenopiles,Oomycota
Bicosoecida_sp,Eukaryota,SAR,Stramenopiles,Bigyra
Blastocystis_hominis,Eukaryota,SAR,Stramenopiles,Bigyra
Caecitellus_sp,Eukaryota,SAR,Stramenopiles,Bigyra
Cafeteria_burkhardae,Eukaryota,SAR,Stramenopiles,Bigyra
Cafeteria_roenbergensis,Eukaryota,SAR,Stramenopiles,Bigyra
Cantina_marsupialis,Eukaryota,SAR,Stramenopiles,Bigyra
Halocafeteria_seosinensis,Eukaryota,SAR,Stramenopiles,Bigyra
Haloplacidia_sinai,Eukaryota,SAR,Stramenopiles,Bigyra
Hondaea_fermentalgiana,Eukaryota,SAR,Stramenopiles,Bigyra
Incisomonas_marina,Eukaryota,SAR,Stramenopiles,Bigyra
Pseudophyllomitus_sp,Eukaryota,SAR,Stramenopiles,Bigyra
Pseudophyllomitus_vesiculosus,Eukaryota,SAR,Stramenopiles,Bigyra
Symbiomonas_scintillans,Eukaryota,SAR,Stramenopiles,Bigyra
Wobblia_lunata,Eukaryota,SAR,Stramenopiles,Bigyra
Aureococcus_anophagefferens,Eukaryota,SAR,Stramenopiles,Ochrophyta
Aureoumbra_lagunensis,Eukaryota,SAR,Stramenopiles,Ochrophyta
Chrysocystis_fragilis,Eukaryota,SAR,Stramenopiles,Ochrophyta
Chrysophaeum_taylorii,Eukaryota,SAR,Stramenopiles,Ochrophyta
Chrysoreinhardia_sp,Eukaryota,SAR,Stramenopiles,Ochrophyta
Pelagococcus_subviridis,Eukaryota,SAR,Stramenopiles,Ochrophyta
Pelagomonas_calceolata,Eukaryota,SAR,Stramenopiles,Ochrophyta
Pelagomonas_sp,Eukaryota,SAR,Stramenopiles,Ochrophyta
Pelagophyceae_sp_CCMP2097,Eukaryota,SAR,Stramenopiles,Ochrophyta
Pelagophyceae_sp_RCC2491,Eukaryota,SAR,Stramenopiles,Ochrophyta
Sarcinochrysis_sp,Eukaryota,SAR,Stramenopiles,Ochrophyta
Picophagus_flagellatus,Eukaryota,SAR,Stramenopiles,Ochrophyta
Feodosia_pseudopoda,Eukaryota,SAR,Stramenopiles,Pirsoniales
Koktebelia_satura,Eukaryota,SAR,Stramenopiles,Pirsoniales
Pirsonia_chemainus,Eukaryota,SAR,Stramenopiles,Pirsoniales
Pirsonia_diadema,Eukaryota,SAR,Stramenopiles,Pirsoniales
Agarum_clathratum,Eukaryota,SAR,Stramenopiles,Ochrophyta
Alaria_crassifolia,Eukaryota,SAR,Stramenopiles,Ochrophyta
Alaria_esculenta,Eukaryota,SAR,Stramenopiles,Ochrophyta
Ascophyllum_nodosum,Eukaryota,SAR,Stramenopiles,Ochrophyta
Ascoseira_mirabilis,Eukaryota,SAR,Stramenopiles,Ochrophyta
Aureophycus_aleuticus,Eukaryota,SAR,Stramenopiles,Ochrophyta
Botrydiopsis_pyrenoidosa,Eukaryota,SAR,Stramenopiles,Ochrophyta
Chlorellidium_tetrabotrys,Eukaryota,SAR,Stramenopiles,Ochrophyta
Chorda_filum,Eukaryota,SAR,Stramenopiles,Ochrophyta
Chordaria_linearis,Eukaryota,SAR,Stramenopiles,Ochrophyta
Choristocarpus_tenellus,Eukaryota,SAR,Stramenopiles,Ochrophyta
Chrysoparadoxa_australica,Eukaryota,SAR,Stramenopiles,Ochrophyta
Cladosiphon_okamuranus,Eukaryota,SAR,Stramenopiles,Ochrophyta
Colpomenia_sinuosa,Eukaryota,SAR,Stramenopiles,Ochrophyta
Costaria_costata,Eukaryota,SAR,Stramenopiles,Ochrophyta
Cymathaere_triplicata,Eukaryota,SAR,Stramenopiles,Ochrophyta
Desmarestia_anceps,Eukaryota,SAR,Stramenopiles,Ochrophyta
Desmarestia_dudresnayi,Eukaryota,SAR,Stramenopiles,Ochrophyta
Desmarestia_herbacea,Eukaryota,SAR,Stramenopiles,Ochrophyta
Desmarestia_viridis,Eukaryota,SAR,Stramenopiles,Ochrophyta
Dictyopteris_undulata,Eukaryota,SAR,Stramenopiles,Ochrophyta
Dictyota_dichotoma,Eukaryota,SAR,Stramenopiles,Ochrophyta
Discosporangium_mesarthrocarpum,Eukaryota,SAR,Stramenopiles,Ochrophyta
Ecklonia_arborea,Eukaryota,SAR,Stramenopiles,Ochrophyta
Ecklonia_cava,Eukaryota,SAR,Stramenopiles,Ochrophyta
Ecklonia_radiata,Eukaryota,SAR,Stramenopiles,Ochrophyta
Ectocarpus_crouaniorum,Eukaryota,SAR,Stramenopiles,Ochrophyta
Ectocarpus_fasciculatus,Eukaryota,SAR,Stramenopiles,Ochrophyta
Ectocarpus_siliculosus,Eukaryota,SAR,Stramenopiles,Ochrophyta
Ectocarpus_sp_Ec32,Eukaryota,SAR,Stramenopiles,Ochrophyta
Ectocarpus_subulatus,Eukaryota,SAR,Stramenopiles,Ochrophyta
Egregia_menziesii,Eukaryota,SAR,Stramenopiles,Ochrophyta
Eisenia_bicyclis,Eukaryota,SAR,Stramenopiles,Ochrophyta
Elachista_fucicola,Eukaryota,SAR,Stramenopiles,Ochrophyta
Feldmannia_mitchelliae,Eukaryota,SAR,Stramenopiles,Ochrophyta
Fucus_ceranoides,Eukaryota,SAR,Stramenopiles,Ochrophyta
Fucus_distichus,Eukaryota,SAR,Stramenopiles,Ochrophyta
Fucus_gardneri,Eukaryota,SAR,Stramenopiles,Ochrophyta
Fucus_guiryi,Eukaryota,SAR,Stramenopiles,Ochrophyta
Fucus_serratus,Eukaryota,SAR,Stramenopiles,Ochrophyta
Fucus_spiralis,Eukaryota,SAR,Stramenopiles,Ochrophyta
Fucus_vesiculosus,Eukaryota,SAR,Stramenopiles,Ochrophyta
Fucus_virsoides,Eukaryota,SAR,Stramenopiles,Ochrophyta
Halopteris_paniculata,Eukaryota,SAR,Stramenopiles,Ochrophyta
Hapterophycus_canaliculatus,Eukaryota,SAR,Stramenopiles,Ochrophyta
Hedophyllum_nigripes,Eukaryota,SAR,Stramenopiles,Ochrophyta
Heribaudiella_fluviatilis,Eukaryota,SAR,Stramenopiles,Ochrophyta
Hesperophycus_californicus,Eukaryota,SAR,Stramenopiles,Ochrophyta
Heterococcus_viridis,Eukaryota,SAR,Stramenopiles,Ochrophyta
Himanthalia_elongata,Eukaryota,SAR,Stramenopiles,Ochrophyta
Ishige_okamurae,Eukaryota,SAR,Stramenopiles,Ochrophyta
Laminaria_digitata,Eukaryota,SAR,Stramenopiles,Ochrophyta
Laminaria_hyperborea,Eukaryota,SAR,Stramenopiles,Ochrophyta
Laminaria_ochroleuca,Eukaryota,SAR,Stramenopiles,Ochrophyta
Laminarionema_elsbetiae,Eukaryota,SAR,Stramenopiles,Ochrophyta
Lessonia_nigrescens,Eukaryota,SAR,Stramenopiles,Ochrophyta
Lessonia_variegata,Eukaryota,SAR,Stramenopiles,Ochrophyta
Macrocystis_integrifolia,Eukaryota,SAR,Stramenopiles,Ochrophyta
Macrocystis_pyrifera,Eukaryota,SAR,Stramenopiles,Ochrophyta
Myriotrichia_clavaeformis,Eukaryota,SAR,Stramenopiles,Ochrophyta
Nemacystus_decipiens,Eukaryota,SAR,Stramenopiles,Ochrophyta
Nereocystis_luetkeana,Eukaryota,SAR,Stramenopiles,Ochrophyta
Pelvetia_canaliculata,Eukaryota,SAR,Stramenopiles,Ochrophyta
Pelvetiopsis_arborescens,Eukaryota,SAR,Stramenopiles,Ochrophyta
Pelvetiopsis_hybrida,Eukaryota,SAR,Stramenopiles,Ochrophyta
Pelvetiopsis_limitata,Eukaryota,SAR,Stramenopiles,Ochrophyta
Petalonia_fascia,Eukaryota,SAR,Stramenopiles,Ochrophyta
Phaeosaccion_multiseriatum,Eukaryota,SAR,Stramenopiles,Ochrophyta
Phaeoschizochlamys_siveri,Eukaryota,SAR,Stramenopiles,Ochrophyta
Phaeothamnion_confervicola,Eukaryota,SAR,Stramenopiles,Ochrophyta
Phaeothamnion_wetherbeei,Eukaryota,SAR,Stramenopiles,Ochrophyta
Pleurocladia_lacustris,Eukaryota,SAR,Stramenopiles,Ochrophyta
Pleurophycus_gardneri,Eukaryota,SAR,Stramenopiles,Ochrophyta
Porterinema_fluviatile,Eukaryota,SAR,Stramenopiles,Ochrophyta
Pseudochorda_nagaii,Eukaryota,SAR,Stramenopiles,Ochrophyta
Pterygophora_californica,Eukaryota,SAR,Stramenopiles,Ochrophyta
Punctaria_latifolia,Eukaryota,SAR,Stramenopiles,Ochrophyta
Pylaiella_littoralis,Eukaryota,SAR,Stramenopiles,Ochrophyta
Saccharina_angustata,Eukaryota,SAR,Stramenopiles,Ochrophyta
Saccharina_japonica,Eukaryota,SAR,Stramenopiles,Ochrophyta
Saccharina_latissima,Eukaryota,SAR,Stramenopiles,Ochrophyta
Saccharina_sculpera,Eukaryota,SAR,Stramenopiles,Ochrophyta
Saccorhiza_dermatodea,Eukaryota,SAR,Stramenopiles,Ochrophyta
Saccorhiza_polyschides,Eukaryota,SAR,Stramenopiles,Ochrophyta
Sargassum_fusiforme,Eukaryota,SAR,Stramenopiles,Ochrophyta
Sargassum_hemiphyllum,Eukaryota,SAR,Stramenopiles,Ochrophyta
Sargassum_henslowianum,Eukaryota,SAR,Stramenopiles,Ochrophyta
Sargassum_horneri,Eukaryota,SAR,Stramenopiles,Ochrophyta
Sargassum_integerrimum,Eukaryota,SAR,Stramenopiles,Ochrophyta
Sargassum_muticum,Eukaryota,SAR,Stramenopiles,Ochrophyta
Sargassum_siliquastrum,Eukaryota,SAR,Stramenopiles,Ochrophyta
Sargassum_thunbergii,Eukaryota,SAR,Stramenopiles,Ochrophyta
Sargassum_vachellianum,Eukaryota,SAR,Stramenopiles,Ochrophyta
Sargassum_vulgare,Eukaryota,SAR,Stramenopiles,Ochrophyta
Schizocladia_ischiensis,Eukaryota,SAR,Stramenopiles,Ochrophyta
Scytosiphon_dotyi,Eukaryota,SAR,Stramenopiles,Ochrophyta
Scytosiphon_lomentaria,Eukaryota,SAR,Stramenopiles,Ochrophyta
Scytosiphon_promiscuus,Eukaryota,SAR,Stramenopiles,Ochrophyta
Silvetia_babingtonii,Eukaryota,SAR,Stramenopiles,Ochrophyta
Silvetia_compressa,Eukaryota,SAR,Stramenopiles,Ochrophyta
Sphacelaria_rigidula,Eukaryota,SAR,Stramenopiles,Ochrophyta
Sphaerotrichia_firma,Eukaryota,SAR,Stramenopiles,Ochrophyta
Stichogloea_doederleinii,Eukaryota,SAR,Stramenopiles,Ochrophyta
Stichogloea_dopii,Eukaryota,SAR,Stramenopiles,Ochrophyta
Striaria_sp,Eukaryota,SAR,Stramenopiles,Ochrophyta
Tetrasporopsis_fuscescens,Eukaryota,SAR,Stramenopiles,Ochrophyta
Tetrasporopsis_moei,Eukaryota,SAR,Stramenopiles,Ochrophyta
Tribonema_gayanum,Eukaryota,SAR,Stramenopiles,Ochrophyta
Tribonema_minus,Eukaryota,SAR,Stramenopiles,Ochrophyta
Undaria_pinnatifida,Eukaryota,SAR,Stramenopiles,Ochrophyta
Vaucheria_bursata,Eukaryota,SAR,Stramenopiles,Ochrophyta
Vaucheria_litorea,Eukaryota,SAR,Stramenopiles,Ochrophyta
Leucomyxa_plasmidifera,Eukaryota,SAR,Stramenopiles,Ochrophyta
Synchroma_pusillum,Eukaryota,SAR,Stramenopiles,Ochrophyta
